--create CR testcases.
--
--@author dhruv
--@since 2023-09-13
INSERT INTO
        specification (
                id,
                name,
                description,
                state,
                rank,
                is_functional,
                is_required,
                component_id,
                created_by,
                updated_by,
                created_at,
                updated_at,
                version
        )
VALUES
        (
                'specification.cr.crf.1',
                'CRF-1',
                'CRF-1 Specification of the Client Registry Component (https://guides.ohie.org/arch-spec/openhie-component-specifications-1/client-registry)',
                'specification.status.active',
                5,
                true,
                false,
                'component.client.registry',
                'ivasiwala@argusoft.com',
                'ivasiwala@argusoft.com',
                Now(),
                Now(),
                0
        ),
        (
                'specification.cr.crf.2',
                'CRF-2',
                'CRF-2 Specification of the Client Registry Component (https://guides.ohie.org/arch-spec/openhie-component-specifications-1/client-registry)',
                'specification.status.active',
                6,
                true,
                true,
                'component.client.registry',
                'ivasiwala@argusoft.com',
                'ivasiwala@argusoft.com',
                Now(),
                Now(),
                0
        ),
        (
                'specification.cr.crf.4',
                'CRF-4',
                'CRF-4 Specification of the Client Registry Component (https://guides.ohie.org/arch-spec/openhie-component-specifications-1/client-registry)',
                'specification.status.active',
                8,
                true,
                false,
                'component.client.registry',
                'ivasiwala@argusoft.com',
                'ivasiwala@argusoft.com',
                Now(),
                Now(),
                0
        ),
        (
                'specification.cr.crf.5',
                'CRF-5',
                'CRF-5 Specification of the Client Registry Component (https://guides.ohie.org/arch-spec/openhie-component-specifications-1/client-registry)',
                'specification.status.active',
                9,
                true,
                false,
                'component.client.registry',
                'ivasiwala@argusoft.com',
                'ivasiwala@argusoft.com',
                Now(),
                Now(),
                0
        ),
        (
                'specification.cr.crf.6',
                'CRF-6',
                'CRF-6 Specification of the Client Registry Component (https://guides.ohie.org/arch-spec/openhie-component-specifications-1/client-registry)',
                'specification.status.active',
                10,
                true,
                false,
                'component.client.registry',
                'ivasiwala@argusoft.com',
                'ivasiwala@argusoft.com',
                Now(),
                Now(),
                0
        ),
        (
                'specification.cr.crf.9',
                'CRF-9',
                'CRF-9 Specification of the Client Registry Component (https://guides.ohie.org/arch-spec/openhie-component-specifications-1/client-registry)',
                'specification.status.active',
                13,
                true,
                false,
                'component.client.registry',
                'ivasiwala@argusoft.com',
                'ivasiwala@argusoft.com',
                Now(),
                Now(),
                0
        );

INSERT INTO
        testcase (
                id,
                name,
                description,
                state,
                rank,
                is_manual,
                bean_name,
                specification_id,
                created_by,
                updated_by,
                created_at,
                updated_at,
                version
        )
VALUES
        (
                'testcase.cr.crf.1.1',
                'Can you see a user interface in the system that allows you to create your own matching rules to identify duplicate patients?',
                'Question for the CRF-1 Specification of the Client Registry',
                'testcase.status.active',
                1,
                true,
                null,
                'specification.cr.crf.1',
                'ivasiwala@argusoft.com',
                'ivasiwala@argusoft.com',
                Now(),
                Now(),
                0
        ),
        (
                'testcase.cr.crf.1.2',
                'In this user interface for defining patient matching rules, can you see a default implementation of matching rule already configured? An example of matching rule is a rule that checks the full name of patients and considers the records as duplicate when the full name of 2 or more patients matches.',
                'Question for the CRF-1 Specification of the Client Registry',
                'testcase.status.active',
                2,
                true,
                null,
                'specification.cr.crf.1',
                'ivasiwala@argusoft.com',
                'ivasiwala@argusoft.com',
                Now(),
                Now(),
                0
        ),
        (
                'testcase.cr.crf.1.3',
                'Can you make changes to the rules for identifying duplicate patients? To test this, change the default matching rule such that it checks the full name, gender and date of birth of patients and considers the records as duplicate when the full name, gender and date of birth of patient matches.',
                'Question for the CRF-1 Specification of the Client Registry',
                'testcase.status.active',
                3,
                true,
                null,
                'specification.cr.crf.1',
                'ivasiwala@argusoft.com',
                'ivasiwala@argusoft.com',
                Now(),
                Now(),
                0
        ),
        (
                'testcase.cr.crf.1.4',
                'Can you configure blocking strategy for loading potential matches? Blocking strategy is a strategy that helps to identify group of potential matches and shortlist the search for duplicate patients. The configured matching rules are then applied on top of blocking strategy. To test this, configure blocking strategy that checks the first name of patient and considers the records as potential matches when first name of patient matches.',
                'Question for the CRF-1 Specification of the Client Registry',
                'testcase.status.active',
                4,
                true,
                null,
                'specification.cr.crf.1',
                'ivasiwala@argusoft.com',
                'ivasiwala@argusoft.com',
                Now(),
                Now(),
                0
        ),
        (
                'testcase.cr.crf.1.5',
                'Are you able to find CR system configuration information using easy to access methods, such as a  properties files, or XML files?',
                'Question for the CRF-1 Specification of the Client Registry',
                'testcase.status.active',
                5,
                true,
                null,
                'specification.cr.crf.1',
                'ivasiwala@argusoft.com',
                'ivasiwala@argusoft.com',
                Now(),
                Now(),
                0
        ),
        (
                'testcase.cr.crf.1.6',
                'While working with patient matching rules, did the system provide guidance in configuring matching rules or did you get a walkthrough on using this functionality?',
                'Question for the CRF-1 Specification of the Client Registry',
                'testcase.status.active',
                6,
                true,
                null,
                'specification.cr.crf.1',
                'ivasiwala@argusoft.com',
                'ivasiwala@argusoft.com',
                Now(),
                Now(),
                0
        ),
        (
                'testcase.cr.crf.2.1',
                'Can you see a user interface for patient linking and de-duplication?',
                'Question for the CRF-2 Specification of the Client Registry',
                'testcase.status.active',
                1,
                true,
                null,
                'specification.cr.crf.2',
                'ivasiwala@argusoft.com',
                'ivasiwala@argusoft.com',
                Now(),
                Now(),
                0
        ),
        (
                'testcase.cr.crf.2.2',
                'In this interface, is there a feature that allows you to manually accept or reject merge suggestions?',
                'Question for the CRF-2 Specification of the Client Registry',
                'testcase.status.active',
                2,
                true,
                null,
                'specification.cr.crf.2',
                'ivasiwala@argusoft.com',
                'ivasiwala@argusoft.com',
                Now(),
                Now(),
                0
        ),
        (
                'testcase.cr.crf.2.3',
                'In this interface, when accepting the merge suggestion, were you able to select fields from either record for merging? To test this, accept a merge suggestion and check if the system provides options to choose specific fields for merging. For instance, the system might allow you to merge fields like patient full name and date of birth. In cases where the patient has records with different addresses, the system might allow you to retain all addresses without merging them.',
                'Question for the CRF-2 Specification of the Client Registry',
                'testcase.status.active',
                3,
                true,
                null,
                'specification.cr.crf.2',
                'ivasiwala@argusoft.com',
                'ivasiwala@argusoft.com',
                Now(),
                Now(),
                0
        ),
        (
                'testcase.cr.crf.4.1',
                'Does the system support synchronization of patient IDs with a Shared Health Record (SHR)?',
                'Question for the CRF-4 Specification of the Client Registry',
                'testcase.status.active',
                1,
                true,
                null,
                'specification.cr.crf.4',
                'ivasiwala@argusoft.com',
                'ivasiwala@argusoft.com',
                Now(),
                Now(),
                0
        ),
        (
                'testcase.cr.crf.5.1',
                'Can you see an interface that allows you to review and override incorrect matches? In some cases, the system might make a mistake and say two records are a match when they''re not. This interface should allow users to correct these mistakes by reverting the incorrect merges.',
                'Question for the CRF-5 Specification of the Client Registry',
                'testcase.status.active',
                1,
                true,
                null,
                'specification.cr.crf.5',
                'ivasiwala@argusoft.com',
                'ivasiwala@argusoft.com',
                Now(),
                Now(),
                0
        ),
        (
                'testcase.cr.crf.6.1',
                'Is there an interface that shows a pre-defined example of patient schema? The patient schema contains various attributes defining a patient''s record. For instance a patient schema can have attributes such as first name, family name, gender, date of birth and address.',
                'Question for the CRF-6 Specification of the Client Registry',
                'testcase.status.active',
                1,
                true,
                null,
                'specification.cr.crf.6',
                'ivasiwala@argusoft.com',
                'ivasiwala@argusoft.com',
                Now(),
                Now(),
                0
        ),
        (
                'testcase.cr.crf.6.2',
                'Does the interface allow you to modify the pre-defined patient schema by adding new attributes to the schema? For example, if you want to include an attribute to store patient''s email address, can you do so without difficulty?',
                'Question for the CRF-6 Specification of the Client Registry',
                'testcase.status.active',
                2,
                true,
                null,
                'specification.cr.crf.6',
                'ivasiwala@argusoft.com',
                'ivasiwala@argusoft.com',
                Now(),
                Now(),
                0
        ),
        (
                'testcase.cr.crf.6.3',
                'Does the interface allow you to modify the pre-defined patient schema by removing attributes from the schema? For example, if you want to remove attribute that store s patient''s gender, can you do so without difficulty?',
                'Question for the CRF-6 Specification of the Client Registry',
                'testcase.status.active',
                3,
                true,
                null,
                'specification.cr.crf.6',
                'ivasiwala@argusoft.com',
                'ivasiwala@argusoft.com',
                Now(),
                Now(),
                0
        ),
        (
                'testcase.cr.crf.6.4',
                'If you want to use a different patient record model or create your own, can you easily remove the default setup and establish your own model in the system?',
                'Question for the CRF-6 Specification of the Client Registry',
                'testcase.status.active',
                4,
                true,
                null,
                'specification.cr.crf.6',
                'ivasiwala@argusoft.com',
                'ivasiwala@argusoft.com',
                Now(),
                Now(),
                0
        ),
        (
                'testcase.cr.crf.8.2',
                'When modifications are made to the data in the system such as updating patient''s details, does the system record and log these modifications? To test this, update any information for a patient, go to the interface that displays the audit logs and check if you are able to see information such as what was changed, when it was changed, and who made the change.',
                'Question for the CRF-8 Specification of the Client Registry',
                'testcase.status.active',
                1,
                true,
                null,
                'specification.cr.crf.8',
                'ivasiwala@argusoft.com',
                'ivasiwala@argusoft.com',
                Now(),
                Now(),
                0
        ),
        (
                'testcase.cr.crf.8.3',
                'When modifications are made to the configurations in the system such as making changes to configured matching rule, does the system record and log these modifications? To test this, update the configuration of patient matching rule, go to the interface that displays the audit logs and check if you are able to see information such as what was changed, when it was changed, and who made the change.',
                'Question for the CRF-8 Specification of the Client Registry',
                'testcase.status.active',
                2,
                true,
                null,
                'specification.cr.crf.8',
                'ivasiwala@argusoft.com',
                'ivasiwala@argusoft.com',
                Now(),
                Now(),
                0
        ),
        (
                'testcase.cr.crf.8.4',
                'Does the system log user activities, including login events, changes made, and system access, to keep track of user interactions within the system?',
                'Question for the CRF-8 Specification of the Client Registry',
                'testcase.status.active',
                3,
                true,
                null,
                'specification.cr.crf.8',
                'ivasiwala@argusoft.com',
                'ivasiwala@argusoft.com',
                Now(),
                Now(),
                0
        ),
        (
                'testcase.cr.crf.9.1',
                'Does the system provide features for user management such as creating, modifying, or deleting users from the system?',
                'Question for the CRF-9 Specification of the Client Registry',
                'testcase.status.active',
                1,
                true,
                null,
                'specification.cr.crf.9',
                'ivasiwala@argusoft.com',
                'ivasiwala@argusoft.com',
                Now(),
                Now(),
                0
        ),
        (
                'testcase.cr.crf.9.2',
                'In terms of access controls, can you define what different users can and cannot do in the system? For instance, can you ensure that some users can only view information while others have the ability to make changes, thereby enhancing the security and privacy of sensitive data?',
                'Question for the CRF-9 Specification of the Client Registry',
                'testcase.status.active',
                2,
                true,
                null,
                'specification.cr.crf.9',
                'ivasiwala@argusoft.com',
                'ivasiwala@argusoft.com',
                Now(),
                Now(),
                0
        ),
        (
                'testcase.cr.crf.10.1',
                'Does the system persists parent/ child relationship? For instance: the system should store who the parents are and who their children are and show that Person A is parent of Person B and Person C.',
                'Question for the CRF-10 Specification of the Client Registry',
                'testcase.status.active',
                1,
                true,
                null,
                'specification.cr.crf.10',
                'ivasiwala@argusoft.com',
                'ivasiwala@argusoft.com',
                Now(),
                Now(),
                0
        ),
        (
                'testcase.cr.crf.10.2',
                'Does the system show the birth order of children within a family, accurately recording which child was born first, second, third, and so on, for family records?',
                'Question for the CRF-10 Specification of the Client Registry',
                'testcase.status.active',
                2,
                true,
                null,
                'specification.cr.crf.10',
                'ivasiwala@argusoft.com',
                'ivasiwala@argusoft.com',
                Now(),
                Now(),
                0
        ),
        (
                'testcase.cr.crf.10.3',
                'Does the system indicate multi-births in a family? When there are twins, triplets, or more children born at the same time, the system should be able to indicate that.',
                'Question for the CRF-10 Specification of the Client Registry',
                'testcase.status.active',
                3,
                true,
                null,
                'specification.cr.crf.10',
                'ivasiwala@argusoft.com',
                'ivasiwala@argusoft.com',
                Now(),
                Now(),
                0
        );


INSERT INTO
        testcase_option (
                id,
                name,
                description,
                state,
                rank,
                is_success,
                testcase_id,
                created_by,
                updated_by,
                created_at,
                updated_at,
                version
        )
VALUES
        (
                'testcase.cr.crf.1.1.option.1',
                'Yes, I am able to find this user interface.',
                'Yes, I am able to find this user interface.',
                'testcase.option.status.active',
                1,
                true,
                'testcase.cr.crf.1.1',
                'ivasiwala@argusoft.com',
                'ivasiwala@argusoft.com',
                Now(),
                Now(),
                0
        ),
        (
                'testcase.cr.crf.1.1.option.2',
                'No, the system does not provide a user interface for creating patient matching rules.',
                'No, the system does not provide a user interface for creating patient matching rules.',
                'testcase.option.status.active',
                2,
                false,
                'testcase.cr.crf.1.1',
                'ivasiwala@argusoft.com',
                'ivasiwala@argusoft.com',
                Now(),
                Now(),
                0
        ),
        (
                'testcase.cr.crf.1.2.option.1',
                'Yes, the system comes with such default implementation of a matching rule.',
                'Yes, the system comes with such default implementation of a matching rule.',
                'testcase.option.status.active',
                1,
                true,
                'testcase.cr.crf.1.2',
                'ivasiwala@argusoft.com',
                'ivasiwala@argusoft.com',
                Now(),
                Now(),
                0
        ),
        (
                'testcase.cr.crf.1.2.option.2',
                'No, the system does not provide any default implementation of a matching rule in its interface.',
                'No, the system does not provide any default implementation of a matching rule in its interface.',
                'testcase.option.status.active',
                2,
                false,
                'testcase.cr.crf.1.2',
                'ivasiwala@argusoft.com',
                'ivasiwala@argusoft.com',
                Now(),
                Now(),
                0
        ),
        (
                'testcase.cr.crf.1.3.option.1',
                'Yes, I am able to make changs to these rules easily.',
                'Yes, I am able to make changs to these rules easily.',
                'testcase.option.status.active',
                1,
                true,
                'testcase.cr.crf.1.3',
                'ivasiwala@argusoft.com',
                'ivasiwala@argusoft.com',
                Now(),
                Now(),
                0
        ),
        (
                'testcase.cr.crf.1.3.option.2',
                'No, I can''t customize the rules for record matching.',
                'No, I can''t customize the rules for record matching.',
                'testcase.option.status.active',
                2,
                false,
                'testcase.cr.crf.1.3',
                'ivasiwala@argusoft.com',
                'ivasiwala@argusoft.com',
                Now(),
                Now(),
                0
        ),
        (
                'testcase.cr.crf.1.4.option.1',
                'Yes, the system facilitates configuration of blocking strategy to load potential matches',
                'Yes, the system facilitates configuration of blocking strategy to load potential matches',
                'testcase.option.status.active',
                1,
                true,
                'testcase.cr.crf.1.4',
                'ivasiwala@argusoft.com',
                'ivasiwala@argusoft.com',
                Now(),
                Now(),
                0
        ),
        (
                'testcase.cr.crf.1.4.option.2',
                'No, the system does not offer the capability to configure blocking strategy to load potential matches',
                'No, the system does not offer the capability to configure blocking strategy to load potential matches',
                'testcase.option.status.active',
                2,
                false,
                'testcase.cr.crf.1.4',
                'ivasiwala@argusoft.com',
                'ivasiwala@argusoft.com',
                Now(),
                Now(),
                0
        ),
        (
                'testcase.cr.crf.1.5.option.1',
                'Yes, I am able to find the CR system configuration information easily',
                'Yes, I am able to find the CR system configuration information easily',
                'testcase.option.status.active',
                1,
                true,
                'testcase.cr.crf.1.5',
                'ivasiwala@argusoft.com',
                'ivasiwala@argusoft.com',
                Now(),
                Now(),
                0
        ),
        (
                'testcase.cr.crf.1.5.option.2',
                'No, I am not able to locate this information',
                'No, I am not able to locate this information',
                'testcase.option.status.active',
                2,
                false,
                'testcase.cr.crf.1.5',
                'ivasiwala@argusoft.com',
                'ivasiwala@argusoft.com',
                Now(),
                Now(),
                0
        ),
        (
                'testcase.cr.crf.1.6.option.1',
                'Yes, the system guides you through a step-by-step or guided process for configuring matching rules.',
                'Yes, the system guides you through a step-by-step or guided process for configuring matching rules.',
                'testcase.option.status.active',
                1,
                true,
                'testcase.cr.crf.1.6',
                'ivasiwala@argusoft.com',
                'ivasiwala@argusoft.com',
                Now(),
                Now(),
                0
        ),
        (
                'testcase.cr.crf.1.6.option.2',
                'No, the system doesn''t provide step-by-step or guided setup',
                'No, the system doesn''t provide step-by-step or guided setup',
                'testcase.option.status.active',
                2,
                false,
                'testcase.cr.crf.1.6',
                'ivasiwala@argusoft.com',
                'ivasiwala@argusoft.com',
                Now(),
                Now(),
                0
        ),
        (
                'testcase.cr.crf.2.1.option.1',
                'Yes, I am able to see such interface',
                'Yes, I am able to see such interface',
                'testcase.option.status.active',
                1,
                true,
                'testcase.cr.crf.2.1',
                'ivasiwala@argusoft.com',
                'ivasiwala@argusoft.com',
                Now(),
                Now(),
                0
        ),
        (
                'testcase.cr.crf.2.1.option.2',
                'No, I am not able to find such interface',
                'No, I am not able to find such interface',
                'testcase.option.status.active',
                2,
                false,
                'testcase.cr.crf.2.1',
                'ivasiwala@argusoft.com',
                'ivasiwala@argusoft.com',
                Now(),
                Now(),
                0
        ),
        (
                'testcase.cr.crf.2.2.option.1',
                'Yes, I''ve used the system to manually accept or reject merge suggestions.',
                'Yes, I''ve used the system to manually accept or reject merge suggestions.',
                'testcase.option.status.active',
                1,
                true,
                'testcase.cr.crf.2.2',
                'ivasiwala@argusoft.com',
                'ivasiwala@argusoft.com',
                Now(),
                Now(),
                0
        ),
        (
                'testcase.cr.crf.2.2.option.2',
                'No, I couldn''t find a way to accept ot regect suggested merges.',
                'No, I couldn''t find a way to accept ot regect suggested merges.',
                'testcase.option.status.active',
                2,
                false,
                'testcase.cr.crf.2.2',
                'ivasiwala@argusoft.com',
                'ivasiwala@argusoft.com',
                Now(),
                Now(),
                0
        ),
        (
                'testcase.cr.crf.2.3.option.1',
                'Yes, I am able to choose specific fields from either record to be merged.',
                'Yes, I am able to choose specific fields from either record to be merged.',
                'testcase.option.status.active',
                1,
                true,
                'testcase.cr.crf.2.3',
                'ivasiwala@argusoft.com',
                'ivasiwala@argusoft.com',
                Now(),
                Now(),
                0
        ),
        (
                'testcase.cr.crf.2.3.option.2',
                'No, I couldn''t find a way to choose specifics fields to be merged.',
                'No, I couldn''t find a way to choose specifics fields to be merged.',
                'testcase.option.status.active',
                2,
                false,
                'testcase.cr.crf.2.3',
                'ivasiwala@argusoft.com',
                'ivasiwala@argusoft.com',
                Now(),
                Now(),
                0
        ),
        (
                'testcase.cr.crf.4.1.option.1',
                'Yes, the system ensures that patient IDs in the system are synchronized with those in the Shared Health Record (SHR).',
                'Yes, the system ensures that patient IDs in the system are synchronized with those in the Shared Health Record (SHR).',
                'testcase.option.status.active',
                1,
                true,
                'testcase.cr.crf.4.1',
                'ivasiwala@argusoft.com',
                'ivasiwala@argusoft.com',
                Now(),
                Now(),
                0
        ),
        (
                'testcase.cr.crf.4.1.option.2',
                'No, the system lacks the capability to synchronize patient IDs with a Shared Health Record (SHR).',
                'No, the system lacks the capability to synchronize patient IDs with a Shared Health Record (SHR).',
                'testcase.option.status.active',
                2,
                false,
                'testcase.cr.crf.4.1',
                'ivasiwala@argusoft.com',
                'ivasiwala@argusoft.com',
                Now(),
                Now(),
                0
        ),
        (
                'testcase.cr.crf.5.1.option.1',
                'Yes, I am able to override incorrect matches, correcting mistakes where the system inaccurately identified records as a match.',
                'Yes, I am able to override incorrect matches, correcting mistakes where the system inaccurately identified records as a match.',
                'testcase.option.status.active',
                1,
                true,
                'testcase.cr.crf.5.1',
                'ivasiwala@argusoft.com',
                'ivasiwala@argusoft.com',
                Now(),
                Now(),
                0
        ),
        (
                'testcase.cr.crf.5.1.option.2',
                'No, there is no functionality that allows me to correct mistakes and override matches that the system has identified incorrectly.',
                'No, there is no functionality that allows me to correct mistakes and override matches that the system has identified incorrectly.',
                'testcase.option.status.active',
                2,
                false,
                'testcase.cr.crf.5.1',
                'ivasiwala@argusoft.com',
                'ivasiwala@argusoft.com',
                Now(),
                Now(),
                0
        ),
        (
                'testcase.cr.crf.6.1.option.1',
                'Yes, the system provides a pre-defined example of a patient''s record.',
                'Yes, the system provides a pre-defined example of a patient''s record.',
                'testcase.option.status.active',
                1,
                true,
                'testcase.cr.crf.6.1',
                'ivasiwala@argusoft.com',
                'ivasiwala@argusoft.com',
                Now(),
                Now(),
                0
        ),
        (
                'testcase.cr.crf.6.1.option.2',
                'No, the system does not come with a pre-defined example of a patient''s record.',
                'No, the system does not come with a pre-defined example of a patient''s record.',
                'testcase.option.status.active',
                2,
                false,
                'testcase.cr.crf.6.1',
                'ivasiwala@argusoft.com',
                'ivasiwala@argusoft.com',
                Now(),
                Now(),
                0
        ),
        (
                'testcase.cr.crf.6.2.option.1',
                'Yes, the system allows the easy addition of new attributes.',
                'Yes, the system allows the easy addition of new attributes.',
                'testcase.option.status.active',
                1,
                true,
                'testcase.cr.crf.6.2',
                'ivasiwala@argusoft.com',
                'ivasiwala@argusoft.com',
                Now(),
                Now(),
                0
        ),
        (
                'testcase.cr.crf.6.2.option.2',
                'No, I am not able to modify the pre-defined patient schema.',
                'No, I am not able to modify the pre-defined patient schema.',
                'testcase.option.status.active',
                2,
                false,
                'testcase.cr.crf.6.2',
                'ivasiwala@argusoft.com',
                'ivasiwala@argusoft.com',
                Now(),
                Now(),
                0
        ),
        (
                'testcase.cr.crf.6.3.option.1',
                'Yes, the system allows the easy removal of new attributes.',
                'Yes, the system allows the easy removal of new attributes.',
                'testcase.option.status.active',
                1,
                true,
                'testcase.cr.crf.6.3',
                'ivasiwala@argusoft.com',
                'ivasiwala@argusoft.com',
                Now(),
                Now(),
                0
        ),
        (
                'testcase.cr.crf.6.3.option.2',
                'No, I am not able to modify the pre-defined patient schema.',
                'No, I am not able to modify the pre-defined patient schema.',
                'testcase.option.status.active',
                2,
                false,
                'testcase.cr.crf.6.3',
                'ivasiwala@argusoft.com',
                'ivasiwala@argusoft.com',
                Now(),
                Now(),
                0
        ),
        (
                'testcase.cr.crf.6.4.option.1',
                'Yes, the system makes it easy to remove the default setup and create a customized patient schema.',
                'Yes, the system makes it easy to remove the default setup and create a customized patient schema.',
                'testcase.option.status.active',
                1,
                true,
                'testcase.cr.crf.6.4',
                'ivasiwala@argusoft.com',
                'ivasiwala@argusoft.com',
                Now(),
                Now(),
                0
        ),
        (
                'testcase.cr.crf.6.4.option.2',
                'No, I am not able to establish my own patient schema.',
                'No, I am not able to establish my own patient schema.',
                'testcase.option.status.active',
                2,
                false,
                'testcase.cr.crf.6.4',
                'ivasiwala@argusoft.com',
                'ivasiwala@argusoft.com',
                Now(),
                Now(),
                0
        ),
        (
                'testcase.cr.crf.9.1.option.1',
                'Yes, the system provides user management features',
                'Yes, the system provides user management features',
                'testcase.option.status.active',
                1,
                true,
                'testcase.cr.crf.9.1',
                'ivasiwala@argusoft.com',
                'ivasiwala@argusoft.com',
                Now(),
                Now(),
                0
        ),
        (
                'testcase.cr.crf.9.1.option.2',
                'No, the system lacks user management features',
                'No, the system lacks user management features',
                'testcase.option.status.active',
                2,
                false,
                'testcase.cr.crf.9.1',
                'ivasiwala@argusoft.com',
                'ivasiwala@argusoft.com',
                Now(),
                Now(),
                0
        ),
        (
                'testcase.cr.crf.9.2.option.1',
                'Yes, the system allows for access controls, enabling users to define permissions based on their roles and responsibilities.',
                'Yes, the system allows for access controls, enabling users to define permissions based on their roles and responsibilities.',
                'testcase.option.status.active',
                1,
                true,
                'testcase.cr.crf.9.2',
                'ivasiwala@argusoft.com',
                'ivasiwala@argusoft.com',
                Now(),
                Now(),
                0
        ),
        (
                'testcase.cr.crf.9.2.option.2',
                'No, the system does not support access controls.',
                'No, the system does not support access controls.',
                'testcase.option.status.active',
                2,
                false,
                'testcase.cr.crf.9.2',
                'ivasiwala@argusoft.com',
                'ivasiwala@argusoft.com',
                Now(),
                Now(),
                0
        ),
        (
                'testcase.cr.crf.8.2.option.1',
                'Yes, the system records and logs changes to the data',
                'Yes, the system records and logs changes to the data',
                'testcase.option.status.active',
                1,
                true,
                'testcase.cr.crf.8.2',
                'ivasiwala@argusoft.com',
                'ivasiwala@argusoft.com',
                Now(),
                Now(),
                0
        ),
        (
                'testcase.cr.crf.8.2.option.2',
                'No, the system doesn''t record or log changes to the data',
                'No, the system doesn''t record or log changes to the data',
                'testcase.option.status.active',
                2,
                false,
                'testcase.cr.crf.8.2',
                'ivasiwala@argusoft.com',
                'ivasiwala@argusoft.com',
                Now(),
                Now(),
                0
        ),
        (
                'testcase.cr.crf.8.3.option.1',
                'Yes, the system records and logs changes to the configuration',
                'Yes, the system records and logs changes to the configuration',
                'testcase.option.status.active',
                1,
                true,
                'testcase.cr.crf.8.3',
                'ivasiwala@argusoft.com',
                'ivasiwala@argusoft.com',
                Now(),
                Now(),
                0
        ),
        (
                'testcase.cr.crf.8.3.option.2',
                'No, the system doesn''t record or log changes to the configuration',
                'No, the system doesn''t record or log changes to the configuration',
                'testcase.option.status.active',
                2,
                false,
                'testcase.cr.crf.8.3',
                'ivasiwala@argusoft.com',
                'ivasiwala@argusoft.com',
                Now(),
                Now(),
                0
        ),
        (
                        'testcase.cr.crf.8.4.option.1',
                        'Yes, the system records and logs such user activities',
                        'Yes, the system records and logs such user activities',
                        'testcase.option.status.active',
                        1,
                        true,
                        'testcase.cr.crf.8.4',
                        'ivasiwala@argusoft.com',
                        'ivasiwala@argusoft.com',
                        Now(),
                        Now(),
                        0
                ),
                (
                        'testcase.cr.crf.8.4.option.2',
                        'No, the system doesn''t record or log such user activities',
                        'No, the system doesn''t record or log such user activities',
                        'testcase.option.status.active',
                        2,
                        false,
                        'testcase.cr.crf.8.4',
                        'ivasiwala@argusoft.com',
                        'ivasiwala@argusoft.com',
                        Now(),
                        Now(),
                        0
                ),
        (
                'testcase.cr.crf.10.1.option.1',
                'Yes, I am able to see parent/ child relationship',
                'Yes, I am able to see parent/ child relationship',
                'testcase.option.status.active',
                1,
                true,
                'testcase.cr.crf.10.1',
                'ivasiwala@argusoft.com',
                'ivasiwala@argusoft.com',
                Now(),
                Now(),
                0
        ),
        (
                'testcase.cr.crf.10.1.option.2',
                'No. I am not able to see parent/ child relationship',
                'No. I am not able to see parent/ child relationship',
                'testcase.option.status.active',
                2,
                false,
                'testcase.cr.crf.10.1',
                'ivasiwala@argusoft.com',
                'ivasiwala@argusoft.com',
                Now(),
                Now(),
                0
        ),
        (
                'testcase.cr.crf.10.2.option.1',
                'Yes, the system accurately retains and remembers the birth order of children within a family, recording the sequence in which they were born for family records.',
                'Yes, the system accurately retains and remembers the birth order of children within a family, recording the sequence in which they were born for family records.',
                'testcase.option.status.active',
                1,
                true,
                'testcase.cr.crf.10.2',
                'ivasiwala@argusoft.com',
                'ivasiwala@argusoft.com',
                Now(),
                Now(),
                0
        ),
        (
                'testcase.cr.crf.10.2.option.2',
                'No, the system doesn''t retain or remember the birth order of children within a family.',
                'No, the system doesn''t retain or remember the birth order of children within a family.',
                'testcase.option.status.active',
                2,
                false,
                'testcase.cr.crf.10.2',
                'ivasiwala@argusoft.com',
                'ivasiwala@argusoft.com',
                Now(),
                Now(),
                0
        ),
        (
                'testcase.cr.crf.10.3.option.1',
                'Yes, the system accurately indicates multi-births in a family.',
                'Yes, the system accurately indicates multi-births in a family.',
                'testcase.option.status.active',
                1,
                true,
                'testcase.cr.crf.10.3',
                'ivasiwala@argusoft.com',
                'ivasiwala@argusoft.com',
                Now(),
                Now(),
                0
        ),
        (
                'testcase.cr.crf.10.3.option.2',
                'No, the system doesn''t indicate multi-births.',
                'No, the system doesn''t indicate multi-births.',
                'testcase.option.status.active',
                2,
                false,
                'testcase.cr.crf.10.3',
                'ivasiwala@argusoft.com',
                'ivasiwala@argusoft.com',
                Now(),
                Now(),
                0
        );