INSERT INTO
    component (
        id,
        name,
        description,
        state,
        rank,
        created_by,
        updated_by,
        created_at,
        updated_at,
        version
    )
VALUES
    (
        'component.facility.repository',
        'Facility Repository',
        'Facility Repository Component (https://guides.ohie.org/arch-spec/openhie-component-specifications-1/openhie-facility-registry-fr)',
        'component.status.active',
        2,
        'ivasiwala@argusoft.com',
        'ivasiwala@argusoft.com',
        Now(),
        Now(),
        0
    );

INSERT INTO
    specification (
        id,
        name,
        description,
        state,
        rank,
        is_functional,
        component_id,
        created_by,
        updated_by,
        created_at,
        updated_at,
        version
    )
VALUES
    (
        'specification.fr.frf.1',
        'FRF-1',
        'FRF-1 Specification of the Facility Repository Component (https://guides.ohie.org/arch-spec/openhie-component-specifications-1/openhie-facility-registry-fr)',
        'specification.status.active',
        2,
        false,
        'component.facility.repository',
        'ivasiwala@argusoft.com',
        'ivasiwala@argusoft.com',
        Now(),
        Now(),
        0
    ),
    (
        'specification.fr.frf.2',
        'FRF-2',
        'FRF-2 Specification of the Facility Repository Component (https://guides.ohie.org/arch-spec/openhie-component-specifications-1/openhie-facility-registry-fr)',
        'specification.status.active',
        3,
        false,
        'component.facility.repository',
        'ivasiwala@argusoft.com',
        'ivasiwala@argusoft.com',
        Now(),
        Now(),
        0
    ),
    (
        'specification.fr.frf.3',
        'FRF-3',
        'FRF-3 Specification of the Facility Repository Component (https://guides.ohie.org/arch-spec/openhie-component-specifications-1/openhie-facility-registry-fr)',
        'specification.status.active',
        4,
        false,
        'component.facility.repository',
        'ivasiwala@argusoft.com',
        'ivasiwala@argusoft.com',
        Now(),
        Now(),
        0
    ),
    (
        'specification.fr.frf.4',
        'FRF-4',
        'FRF-4 Specification of the Facility Repository Component (https://guides.ohie.org/arch-spec/openhie-component-specifications-1/openhie-facility-registry-fr)',
        'specification.status.active',
        5,
        false,
        'component.facility.repository',
        'ivasiwala@argusoft.com',
        'ivasiwala@argusoft.com',
        Now(),
        Now(),
        0
    ),
    (
        'specification.fr.frf.5',
        'FRF-5',
        'FRF-5 Specification of the Facility Repository Component (https://guides.ohie.org/arch-spec/openhie-component-specifications-1/openhie-facility-registry-fr)',
        'specification.status.active',
        6,
        false,
        'component.facility.repository',
        'ivasiwala@argusoft.com',
        'ivasiwala@argusoft.com',
        Now(),
        Now(),
        0
    ),
    (
        'specification.fr.frf.6',
        'FRF-6',
        'FRF-6 Specification of the Facility Repository Component (https://guides.ohie.org/arch-spec/openhie-component-specifications-1/openhie-facility-registry-fr)',
        'specification.status.active',
        7,
        false,
        'component.facility.repository',
        'ivasiwala@argusoft.com',
        'ivasiwala@argusoft.com',
        Now(),
        Now(),
        0
    ),
    (
        'specification.fr.frf.7',
        'FRF-7',
        'FRF-7 Specification of the Facility Repository Component (https://guides.ohie.org/arch-spec/openhie-component-specifications-1/openhie-facility-registry-fr)',
        'specification.status.active',
        8,
        false,
        'component.facility.repository',
        'ivasiwala@argusoft.com',
        'ivasiwala@argusoft.com',
        Now(),
        Now(),
        0
    ),
    (
        'specification.fr.frf.8',
        'FRF-8',
        'FRF-8 Specification of the Facility Repository Component (https://guides.ohie.org/arch-spec/openhie-component-specifications-1/openhie-facility-registry-fr)',
        'specification.status.active',
        9,
        false,
        'component.facility.repository',
        'ivasiwala@argusoft.com',
        'ivasiwala@argusoft.com',
        Now(),
        Now(),
        0
    ),
    (
        'specification.fr.frf.10',
        'FRF-10',
        'FRF-10 Specification of the Facility Repository Component (https://guides.ohie.org/arch-spec/openhie-component-specifications-1/openhie-facility-registry-fr)',
        'specification.status.active',
        10,
        false,
        'component.facility.repository',
        'ivasiwala@argusoft.com',
        'ivasiwala@argusoft.com',
        Now(),
        Now(),
        0
    ),
    (
        'specification.fr.frf.11',
        'FRF-11',
        'FRF-11 Specification of the Facility Repository Component (https://guides.ohie.org/arch-spec/openhie-component-specifications-1/openhie-facility-registry-fr)',
        'specification.status.active',
        11,
        false,
        'component.facility.repository',
        'ivasiwala@argusoft.com',
        'ivasiwala@argusoft.com',
        Now(),
        Now(),
        0
    ),
    (
        'specification.fr.frf.12',
        'FRF-12',
        'FRF-12 Specification of the Facility Repository Component (https://guides.ohie.org/arch-spec/openhie-component-specifications-1/openhie-facility-registry-fr)',
        'specification.status.active',
        12,
        false,
        'component.facility.repository',
        'ivasiwala@argusoft.com',
        'ivasiwala@argusoft.com',
        Now(),
        Now(),
        0
    ),
    (
        'specification.fr.frf.13',
        'FRF-13',
        'FRF-13 Specification of the Facility Repository Component (https://guides.ohie.org/arch-spec/openhie-component-specifications-1/openhie-facility-registry-fr)',
        'specification.status.active',
        13,
        false,
        'component.facility.repository',
        'ivasiwala@argusoft.com',
        'ivasiwala@argusoft.com',
        Now(),
        Now(),
        0
    );


INSERT INTO
    testcase (
        id,
        name,
        description,
        state,
        rank,
        is_manual,
        is_required,
        bean_name,
        specification_id,
        created_by,
        updated_by,
        created_at,
        updated_at,
        version
    )
VALUES
    (
        'testcase.fr.frf.1.1',
        'As a user interacting with the system''s user interface, can you easily perform actions like creating a new attribute, providing descriptions, making modifications, and ensuring that other users can see this attribute in the data dictionary?',
        'Question for the FRF-1 Specification of the Facility Repository',
        'testcase.status.active',
        1,
        true,
        true,
        null,
        'specification.fr.frf.1',
        'ivasiwala@argusoft.com',
        'ivasiwala@argusoft.com',
        Now(),
        Now(),
        0
    ),
    (
        'testcase.fr.frf.2.1',
        'Does the system have the ability to create hierarchies of facilities and related geo-objects? For example, can you build structures that illustrate how different healthcare facilities are organized in multiple organizations, resembling a family tree?',
        'Question for the FRF-2 Specification of the Facility Repository',
        'testcase.status.active',
        1,
        true,
        true,
        null,
        'specification.fr.frf.2',
        'ivasiwala@argusoft.com',
        'ivasiwala@argusoft.com',
        Now(),
        Now(),
        0
    ),
    (
        'testcase.fr.frf.2.2',
        'Can the system handle changes in facility structures and locations over time? For instance, can you adjust the organization''s hierarchy when facilities change?',
        'Question for the FRF-2 Specification of the Facility Repository',
        'testcase.status.active',
        2,
        true,
        true,
        null,
        'specification.fr.frf.2',
        'ivasiwala@argusoft.com',
        'ivasiwala@argusoft.com',
        Now(),
        Now(),
        0
    ),
    (
        'testcase.fr.frf.3.1',
        'Does the system have any such interface or comply with the requirement to gather specific information about healthcare facilities, including details in both the Signature Domain (such as facility name, type, ownership, address, contact information, etc.) and the Service Domain (such as types of services offered, human resources, opening and closing times, infrastructure details)?',
        'Question for the FRF-3 Specification of the Facility Repository',
        'testcase.status.active',
        1,
        true,
        false,
        null,
        'specification.fr.frf.3',
        'ivasiwala@argusoft.com',
        'ivasiwala@argusoft.com',
        Now(),
        Now(),
        0
    ),
    (
        'testcase.fr.frf.4.1',
        'Does the system provide a user interface that allows for the creation and management of user accounts, including defining permissions for different data-related tasks and system administration? For isntance Can you easily add or remove users, and assign specific permissions like data posting or system administration tasks?',
        'Question for the FRF-4 Specification of the Facility Repository',
        'testcase.status.active',
        1,
        true,
        true,
        null,
        'specification.fr.frf.4',
        'ivasiwala@argusoft.com',
        'ivasiwala@argusoft.com',
        Now(),
        Now(),
        0
    ),
    (
        'testcase.fr.frf.4.2',
        'Can you, as a user, define specific permissions for reading data, writing data (posting, validation, publishing), and viewing data through the system''s interface? For instance, Is there a user interface where you can specify which users have access to certain data-related tasks?',
        'Question for the FRF-4 Specification of the Facility Repository',
        'testcase.status.active',
        2,
        true,
        true,
        null,
        'specification.fr.frf.4',
        'ivasiwala@argusoft.com',
        'ivasiwala@argusoft.com',
        Now(),
        Now(),
        0
    ),
    (
        'testcase.fr.frf.4.3',
        'Can you control tasks like configuring system settings or managing overall system functionality through the interface?',
        'Question for the FRF-4 Specification of the Facility Repository',
        'testcase.status.active',
        3,
        true,
        true,
        null,
        'specification.fr.frf.4',
        'ivasiwala@argusoft.com',
        'ivasiwala@argusoft.com',
        Now(),
        Now(),
        0
    ),
    (
        'testcase.fr.frf.5.1',
        'Does the system allow the user to create roles and assign permissions to those roles? For instance, can you create roles like "Master Administrator", "Data Curator", and "Health Officer" and assign specific permissions to each role, defining what they are allowed to do in the system?',
        'Question for the FRF-5 Specification of the Facility Repository',
        'testcase.status.active',
        1,
        true,
        false,
        null,
        'specification.fr.frf.5',
        'ivasiwala@argusoft.com',
        'ivasiwala@argusoft.com',
        Now(),
        Now(),
        0
    ),
    (
        'testcase.fr.frf.6.1',
        'Is the system equipped with adaptable and standards-based APIs, particularly favoring RESTful API?',
        'Question for the FRF-6 Specification of the Facility Repository',
        'testcase.status.active',
        1,
        true,
        false,
        null,
        'specification.fr.frf.6',
        'ivasiwala@argusoft.com',
        'ivasiwala@argusoft.com',
        Now(),
        Now(),
        0
    ),
    (
        'testcase.fr.frf.7.1',
        'Does the system have the ability to pull and/or push data to other systems in .csv format based on defined criteria? For example, in a doctor appointment process, can the system pull data to fetch available slots and, after making an appointment, push data of the booked slot?',
        'Question for the FRF-7 Specification of the Facility Repository',
        'testcase.status.active',
        1,
        true,
        false,
        null,
        'specification.fr.frf.7',
        'ivasiwala@argusoft.com',
        'ivasiwala@argusoft.com',
        Now(),
        Now(),
        0
    ),
    (
        'testcase.fr.frf.8.1',
        'Can you import a large number of records at once in the system? Is there a specific user interface for bulk imports? Bulk import allows users to efficiently upload a significant volume of records, such as patient information, in a single operation.',
        'Question for the FRF-8 Specification of the Facility Repository',
        'testcase.status.active',
        1,
        true,
        true,
        null,
        'specification.fr.frf.8',
        'ivasiwala@argusoft.com',
        'ivasiwala@argusoft.com',
        Now(),
        Now(),
        0
    ),
    (
        'testcase.fr.frf.10.1',
        'Does the system have any user interface that allows the user to view the location of a facility on a map? For example, if you want to find a hospital, clinic, or any place, can you see its location on a map through the system?',
        'Question for the FRF-10 Specification of the Facility Repository',
        'testcase.status.active',
        1,
        true,
        false,
        null,
        'specification.fr.frf.10',
        'ivasiwala@argusoft.com',
        'ivasiwala@argusoft.com',
        Now(),
        Now(),
        0
    ),
    (
        'testcase.fr.frf.11.1',
        'Does the system allow public access to view data that is relevant to the public, such as facility contact details, location, operating hours, and services provided by a facility?',
        'Question for the FRF-11 Specification of the Facility Repository',
        'testcase.status.active',
        1,
        true,
        false,
        null,
        'specification.fr.frf.11',
        'ivasiwala@argusoft.com',
        'ivasiwala@argusoft.com',
        Now(),
        Now(),
        0
    ),
    (
        'testcase.fr.frf.12.1',
        'Can you use the system to manage changes in site status for facilities, like closures, openings, or service changes?',
        'Question for the FRF-12 Specification of the Facility Repository',
        'testcase.status.active',
        1,
        true,
        false,
        null,
        'specification.fr.frf.12',
        'ivasiwala@argusoft.com',
        'ivasiwala@argusoft.com',
        Now(),
        Now(),
        0
    ),
    (
        'testcase.fr.frf.12.2',
        'Can the system help users keep information about healthcare facilities up to date, such as whether a clinic is open, closed, or offering new services?',
        'Question for the FRF-12 Specification of the Facility Repository',
        'testcase.status.active',
        2,
        true,
        false,
        null,
        'specification.fr.frf.12',
        'ivasiwala@argusoft.com',
        'ivasiwala@argusoft.com',
        Now(),
        Now(),
        0
    ),
    (
        'testcase.fr.frf.13.1',
        'During testing, can you verify if the system successfully generates standard reports, such as a list of healthcare facilities in a specific city with essential details like name, type, and location, without requiring additional configuration?',
        'Question for the FRF-13 Specification of the Facility Repository',
        'testcase.status.active',
        1,
        true,
        false,
        null,
        'specification.fr.frf.13',
        'ivasiwala@argusoft.com',
        'ivasiwala@argusoft.com',
        Now(),
        Now(),
        0
    );


INSERT INTO
    testcase_option (
        id,
        name,
        description,
        state,
        rank,
        is_success,
        testcase_id,
        created_by,
        updated_by,
        created_at,
        updated_at,
        version
    )
VALUES
    (
        'testcase.fr.frf.1.1.option.1',
        'Yes, the system''s user interface facilitates creating, defining, and evolving attributes, ensuring visibility in the data dictionary.',
        'Yes, the system''s user interface facilitates creating, defining, and evolving attributes, ensuring visibility in the data dictionary.',
        'testcase.option.status.active',
        1,
        true,
        'testcase.fr.frf.1.1',
        'ivasiwala@argusoft.com',
        'ivasiwala@argusoft.com',
        Now(),
        Now(),
        0
    ),
    (
        'testcase.fr.frf.1.1.option.2',
        'No, the system''s user interface lacks the features for creating, defining, and evolving attributes or ensuring visibility in the data dictionary.',
        'No, the system''s user interface lacks the features for creating, defining, and evolving attributes or ensuring visibility in the data dictionary.',
        'testcase.option.status.active',
        2,
        false,
        'testcase.fr.frf.1.1',
        'ivasiwala@argusoft.com',
        'ivasiwala@argusoft.com',
        Now(),
        Now(),
        0
    ),
    (
        'testcase.fr.frf.2.1.option.1',
        'Yes, the system supports creating hierarchies of facilities and related geo-objects, allowing users to build structures that show organizational relationships.',
        'Yes, the system supports creating hierarchies of facilities and related geo-objects, allowing users to build structures that show organizational relationships.',
        'testcase.option.status.active',
        1,
        true,
        'testcase.fr.frf.2.1',
        'ivasiwala@argusoft.com',
        'ivasiwala@argusoft.com',
        Now(),
        Now(),
        0
    ),
    (
        'testcase.fr.frf.2.1.option.2',
        'No, the system lacks the capability to create hierarchies of facilities and related geo-objects, hindering the ability to illustrate organizational relationships.',
        'No, the system lacks the capability to create hierarchies of facilities and related geo-objects, hindering the ability to illustrate organizational relationships.',
        'testcase.option.status.active',
        2,
        false,
        'testcase.fr.frf.2.1',
        'ivasiwala@argusoft.com',
        'ivasiwala@argusoft.com',
        Now(),
        Now(),
        0
    ),
    (
        'testcase.fr.frf.2.2.option.1',
        'Yes, the system supports updating structures when, for instance, a new clinic is added.',
        'Yes, the system supports updating structures when, for instance, a new clinic is added.',
        'testcase.option.status.active',
        1,
        true,
        'testcase.fr.frf.2.2',
        'ivasiwala@argusoft.com',
        'ivasiwala@argusoft.com',
        Now(),
        Now(),
        0
    ),
    (
        'testcase.fr.frf.2.2.option.2',
        'No, the system can''t handle changes effectively.',
        'No, the system can''t handle changes effectively.',
        'testcase.option.status.active',
        2,
        false,
        'testcase.fr.frf.2.2',
        'ivasiwala@argusoft.com',
        'ivasiwala@argusoft.com',
        Now(),
        Now(),
        0
    ),
    (
        'testcase.fr.frf.3.1.option.1',
        'Yes, the system gathers specific information about healthcare facilities in both the Signature Domain and Service Domain as specified.',
        'Yes, the system gathers specific information about healthcare facilities in both the Signature Domain and Service Domain as specified.',
        'testcase.option.status.active',
        1,
        true,
        'testcase.fr.frf.3.1',
        'ivasiwala@argusoft.com',
        'ivasiwala@argusoft.com',
        Now(),
        Now(),
        0
    ),
    (
        'testcase.fr.frf.3.1.option.2',
        'No, the system does not adequately gather specific information about healthcare facilities as required in the Signature and Service Domains.',
        'No, the system does not adequately gather specific information about healthcare facilities as required in the Signature and Service Domains.',
        'testcase.option.status.active',
        2,
        false,
        'testcase.fr.frf.3.1',
        'ivasiwala@argusoft.com',
        'ivasiwala@argusoft.com',
        Now(),
        Now(),
        0
    ),
    (
        'testcase.fr.frf.4.1.option.1',
        'Yes, the system facilitates user setup, management, and permission assignment.',
        'Yes, the system facilitates user setup, management, and permission assignment.',
        'testcase.option.status.active',
        1,
        true,
        'testcase.fr.frf.4.1',
        'ivasiwala@argusoft.com',
        'ivasiwala@argusoft.com',
        Now(),
        Now(),
        0
    ),
    (
        'testcase.fr.frf.4.1.option.2',
        'No, the system lacks features for user setup, management, and permission definition.',
        'No, the system lacks features for user setup, management, and permission definition.',
        'testcase.option.status.active',
        2,
        false,
        'testcase.fr.frf.4.1',
        'ivasiwala@argusoft.com',
        'ivasiwala@argusoft.com',
        Now(),
        Now(),
        0
    ),
    (
        'testcase.fr.frf.4.2.option.1',
        'Yes, the system allows users to define detailed permissions for data-related activities.',
        'Yes, the system allows users to define detailed permissions for data-related activities.',
        'testcase.option.status.active',
        1,
        true,
        'testcase.fr.frf.4.2',
        'ivasiwala@argusoft.com',
        'ivasiwala@argusoft.com',
        Now(),
        Now(),
        0
    ),
    (
        'testcase.fr.frf.4.2.option.2',
        'No, the system does not have a user interface for defining detailed data permissions.',
        'No, the system does not have a user interface for defining detailed data permissions.',
        'testcase.option.status.active',
        2,
        false,
        'testcase.fr.frf.4.2',
        'ivasiwala@argusoft.com',
        'ivasiwala@argusoft.com',
        Now(),
        Now(),
        0
    ),
    (
        'testcase.fr.frf.4.3.option.1',
        'Yes, the system supports managing system administration tasks through its user interface.',
        'Yes, the system supports managing system administration tasks through its user interface.',
        'testcase.option.status.active',
        1,
        true,
        'testcase.fr.frf.4.3',
        'ivasiwala@argusoft.com',
        'ivasiwala@argusoft.com',
        Now(),
        Now(),
        0
    ),
    (
        'testcase.fr.frf.4.3.option.2',
        'No, the system lacks options for managing system administration tasks in the user interface."',
        'No, the system lacks options for managing system administration tasks in the user interface."',
        'testcase.option.status.active',
        2,
        false,
        'testcase.fr.frf.4.3',
        'ivasiwala@argusoft.com',
        'ivasiwala@argusoft.com',
        Now(),
        Now(),
        0
    ),
    (
        'testcase.fr.frf.5.1.option.1',
        'Yes, the system supports creating roles and assigning permissions, allowing for roles like "Master Administrator", "Data Curator", and "Health Officer".',
        'Yes, the system supports creating roles and assigning permissions, allowing for roles like "Master Administrator", "Data Curator", and "Health Officer".',
        'testcase.option.status.active',
        1,
        true,
        'testcase.fr.frf.5.1',
        'ivasiwala@argusoft.com',
        'ivasiwala@argusoft.com',
        Now(),
        Now(),
        0
    ),
    (
        'testcase.fr.frf.5.1.option.2',
        'No, the system lacks the capability to create roles and assign permissions, restricting the ability to define roles and their associated permissions.',
        'No, the system lacks the capability to create roles and assign permissions, restricting the ability to define roles and their associated permissions.',
        'testcase.option.status.active',
        2,
        false,
        'testcase.fr.frf.5.1',
        'ivasiwala@argusoft.com',
        'ivasiwala@argusoft.com',
        Now(),
        Now(),
        0
    ),
    (
        'testcase.fr.frf.6.1.option.1',
        'Yes, the system features flexible and standards-based APIs, with a preference for RESTful API.',
        'Yes, the system features flexible and standards-based APIs, with a preference for RESTful API.',
        'testcase.option.status.active',
        1,
        true,
        'testcase.fr.frf.6.1',
        'ivasiwala@argusoft.com',
        'ivasiwala@argusoft.com',
        Now(),
        Now(),
        0
    ),
    (
        'testcase.fr.frf.6.1.option.2',
        'No, the system does not have the capability to offer flexible, standards-based APIs, specifically RESTful API.',
        'No, the system does not have the capability to offer flexible, standards-based APIs, specifically RESTful API.',
        'testcase.option.status.active',
        2,
        false,
        'testcase.fr.frf.6.1',
        'ivasiwala@argusoft.com',
        'ivasiwala@argusoft.com',
        Now(),
        Now(),
        0
    ),
    (
        'testcase.fr.frf.7.1.option.1',
        'Yes, the system has the ability to pull and/or push data to other systems in .csv format based on defined criteria.',
        'Yes, the system has the ability to pull and/or push data to other systems in .csv format based on defined criteria.',
        'testcase.option.status.active',
        1,
        true,
        'testcase.fr.frf.7.1',
        'ivasiwala@argusoft.com',
        'ivasiwala@argusoft.com',
        Now(),
        Now(),
        0
    ),
    (
        'testcase.fr.frf.7.1.option.2',
        'No, the system lacks the capability to pull and/or push data to other systems in .csv format based on defined criteria.',
        'No, the system lacks the capability to pull and/or push data to other systems in .csv format based on defined criteria.',
        'testcase.option.status.active',
        2,
        false,
        'testcase.fr.frf.7.1',
        'ivasiwala@argusoft.com',
        'ivasiwala@argusoft.com',
        Now(),
        Now(),
        0
    ),
    (
        'testcase.fr.frf.8.1.option.1',
        'Yes, the system allows importing a large number of records at once.',
        'Yes, the system allows importing a large number of records at once.',
        'testcase.option.status.active',
        1,
        true,
        'testcase.fr.frf.8.1',
        'ivasiwala@argusoft.com',
        'ivasiwala@argusoft.com',
        Now(),
        Now(),
        0
    ),
    (
        'testcase.fr.frf.8.1.option.2',
        'No, the system does not support bulk imports of records at once.',
        'No, the system does not support bulk imports of records at once.',
        'testcase.option.status.active',
        2,
        false,
        'testcase.fr.frf.8.1',
        'ivasiwala@argusoft.com',
        'ivasiwala@argusoft.com',
        Now(),
        Now(),
        0
    ),
    (
        'testcase.fr.frf.10.1.option.1',
        'Yes, the system supports the ability to view the location of facilities on a map, aiding users in easily locating them.',
        'Yes, the system supports the ability to view the location of facilities on a map, aiding users in easily locating them.',
        'testcase.option.status.active',
        1,
        true,
        'testcase.fr.frf.10.1',
        'ivasiwala@argusoft.com',
        'ivasiwala@argusoft.com',
        Now(),
        Now(),
        0
    ),
    (
        'testcase.fr.frf.10.1.option.2',
        'No, the system lacks the capability to show the location of facilities on a map, limiting the ability to visually locate them.',
        'No, the system lacks the capability to show the location of facilities on a map, limiting the ability to visually locate them.',
        'testcase.option.status.active',
        2,
        false,
        'testcase.fr.frf.10.1',
        'ivasiwala@argusoft.com',
        'ivasiwala@argusoft.com',
        Now(),
        Now(),
        0
    ),
    (
        'testcase.fr.frf.11.1.option.1',
        'Yes, the system allows public access to view relevant data, providing information about facility contact details, location, operating hours, and services.',
        'Yes, the system allows public access to view relevant data, providing information about facility contact details, location, operating hours, and services.',
        'testcase.option.status.active',
        1,
        true,
        'testcase.fr.frf.11.1',
        'ivasiwala@argusoft.com',
        'ivasiwala@argusoft.com',
        Now(),
        Now(),
        0
    ),
    (
        'testcase.fr.frf.11.1.option.2',
        'No, the system does not allow public access to view relevant data, restricting information about facility contact details, location, operating hours, and services from the public.',
        'No, the system does not allow public access to view relevant data, restricting information about facility contact details, location, operating hours, and services from the public.',
        'testcase.option.status.active',
        2,
        false,
        'testcase.fr.frf.11.1',
        'ivasiwala@argusoft.com',
        'ivasiwala@argusoft.com',
        Now(),
        Now(),
        0
    ),
    (
        'testcase.fr.frf.12.1.option.1',
        'Yes, the system supports managing site status changes and modifying facility details and services.',
        'Yes, the system supports managing site status changes and modifying facility details and services.',
        'testcase.option.status.active',
        1,
        true,
        'testcase.fr.frf.12.1',
        'ivasiwala@argusoft.com',
        'ivasiwala@argusoft.com',
        Now(),
        Now(),
        0
    ),
    (
        'testcase.fr.frf.12.1.option.2',
        'No, the system doesn''t support managing site status changes or modifying facility details or services.',
        'No, the system doesn''t support managing site status changes or modifying facility details or services.',
        'testcase.option.status.active',
        2,
        false,
        'testcase.fr.frf.12.1',
        'ivasiwala@argusoft.com',
        'ivasiwala@argusoft.com',
        Now(),
        Now(),
        0
    ),
    (
        'testcase.fr.frf.12.2.option.1',
        'Yes, the system supports updating information about healthcare facilities, including modifying facility details, changing site status, and modifying services provided.',
        'Yes, the system supports updating information about healthcare facilities, including modifying facility details, changing site status, and modifying services provided.',
        'testcase.option.status.active',
        1,
        true,
        'testcase.fr.frf.12.2',
        'ivasiwala@argusoft.com',
        'ivasiwala@argusoft.com',
        Now(),
        Now(),
        0
    ),
    (
        'testcase.fr.frf.12.2.option.2',
        'No, the system lacks the capability to help users keep information about healthcare facilities up to date.',
        'No, the system lacks the capability to help users keep information about healthcare facilities up to date.',
        'testcase.option.status.active',
        2,
        false,
        'testcase.fr.frf.12.2',
        'ivasiwala@argusoft.com',
        'ivasiwala@argusoft.com',
        Now(),
        Now(),
        0
    ),
    (
        'testcase.fr.frf.13.1.option.1',
        'Yes, the system generates standard reports effectively.',
        'Yes, the system generates standard reports effectively.',
        'testcase.option.status.active',
        1,
        true,
        'testcase.fr.frf.13.1',
        'ivasiwala@argusoft.com',
        'ivasiwala@argusoft.com',
        Now(),
        Now(),
        0
    ),
    (
        'testcase.fr.frf.13.1.option.2',
        'No, the system encounters difficulties in generating standard reports.',
        'No, the system encounters difficulties in generating standard reports.',
        'testcase.option.status.active',
        2,
        false,
        'testcase.fr.frf.13.1',
        'ivasiwala@argusoft.com',
        'ivasiwala@argusoft.com',
        Now(),
        Now(),
        0
    );