INSERT INTO
    component (
        id,
        name,
        description,
        state,
        rank,
        created_by,
        updated_by,
        created_at,
        updated_at,
        version
    )
VALUES
    (
        'component.health.management.information.system.repository',
        'Health Management Information System Repository',
        'Health Management Information System Repository Component (https://guides.ohie.org/arch-spec/openhie-component-specifications-1/openhie-health-management-information-system-hmis)',
        'component.status.active',
        4,
        'ivasiwala@argusoft.com',
        'ivasiwala@argusoft.com',
        Now(),
        Now(),
        0
    );


INSERT INTO
    specification (
        id,
        name,
        description,
        state,
        rank,
        is_functional,
        component_id,
        created_by,
        updated_by,
        created_at,
        updated_at,
        version
    )
VALUES
    (
        'specification.hmis.hmisf.2',
        'HMISF-2',
        'HMISF-2 Specification of the Health Management Information System Repository Component (https://guides.ohie.org/arch-spec/openhie-component-specifications-1/openhie-health-management-information-system-hmis)',
        'specification.status.active',
        3,
        false,
        'component.health.management.information.system.repository',
        'ivasiwala@argusoft.com',
        'ivasiwala@argusoft.com',
        Now(),
        Now(),
        0
    ),
    (
        'specification.hmis.hmisf.3',
        'HMISF-3',
        'HMISF-3 Specification of the Health Management Information System Repository Component (https://guides.ohie.org/arch-spec/openhie-component-specifications-1/openhie-health-management-information-system-hmis)',
        'specification.status.active',
        4,
        false,
        'component.health.management.information.system.repository',
        'ivasiwala@argusoft.com',
        'ivasiwala@argusoft.com',
        Now(),
        Now(),
        0
    ),
    (
        'specification.hmis.hmisf.4',
        'HMISF-3',
        'HMISF-3 Specification of the Health Management Information System Repository Component (https://guides.ohie.org/arch-spec/openhie-component-specifications-1/openhie-health-management-information-system-hmis)',
        'specification.status.active',
        5,
        false,
        'component.health.management.information.system.repository',
        'ivasiwala@argusoft.com',
        'ivasiwala@argusoft.com',
        Now(),
        Now(),
        0
    ),
    (
        'specification.hmis.hmisf.5',
        'HMISF-5',
        'HMISF-5 Specification of the Health Management Information System Repository Component (https://guides.ohie.org/arch-spec/openhie-component-specifications-1/openhie-health-management-information-system-hmis)',
        'specification.status.active',
        6,
        false,
        'component.health.management.information.system.repository',
        'ivasiwala@argusoft.com',
        'ivasiwala@argusoft.com',
        Now(),
        Now(),
        0
    ),
    (
        'specification.hmis.hmisf.6',
        'HMISF-6',
        'HMISF-6 Specification of the Health Management Information System Repository Component (https://guides.ohie.org/arch-spec/openhie-component-specifications-1/openhie-health-management-information-system-hmis)',
        'specification.status.active',
        7,
        false,
        'component.health.management.information.system.repository',
        'ivasiwala@argusoft.com',
        'ivasiwala@argusoft.com',
        Now(),
        Now(),
        0
    ),
    (
        'specification.hmis.hmisf.7',
        'HMISF-7',
        'HMISF-7 Specification of the Health Management Information System Repository Component (https://guides.ohie.org/arch-spec/openhie-component-specifications-1/openhie-health-management-information-system-hmis)',
        'specification.status.active',
        8,
        false,
        'component.health.management.information.system.repository',
        'ivasiwala@argusoft.com',
        'ivasiwala@argusoft.com',
        Now(),
        Now(),
        0
    );

INSERT INTO
    testcase (
        id,
        name,
        description,
        state,
        rank,
        is_manual,
        is_required,
        bean_name,
        specification_id,
        created_by,
        updated_by,
        created_at,
        updated_at,
        version
    )
VALUES
    (
        'testcase.hmis.hmisf.2.1',
        'Can healthcare workers easily input patient information using a website or web tools in the HMIS?',
        'Question for the HMISF-2 Specification of the Health Management Information System Repository',
        'testcase.status.active',
        1,
        true,
        false,
        null,
        'specification.hmis.hmisf.2',
        'ivasiwala@argusoft.com',
        'ivasiwala@argusoft.com',
        Now(),
        Now(),
        0
    ),
    (
        'testcase.hmis.hmisf.3.1',
        'Can you see dynamic forms in the system that adjust based on your previous choices, making data entry more efficient?',
        'Question for the HMISF-3 Specification of the Health Management Information System Repository',
        'testcase.status.active',
        1,
        true,
        false,
        null,
        'specification.hmis.hmisf.3',
        'ivasiwala@argusoft.com',
        'ivasiwala@argusoft.com',
        Now(),
        Now(),
        0
    ),
    (
        'testcase.hmis.hmisf.3.2',
        'Does the system automatically flag errors when entered data doesn''t meet predefined criteria?',
        'Question for the HMISF-3 Specification of the Health Management Information System Repository',
        'testcase.status.active',
        2,
        true,
        false,
        null,
        'specification.hmis.hmisf.3',
        'ivasiwala@argusoft.com',
        'ivasiwala@argusoft.com',
        Now(),
        Now(),
        0
    ),
    (
        'testcase.hmis.hmisf.3.3',
        'Are there tooltips to guide you, and does the system auto-populate certain fields to reduce manual entry?',
        'Question for the HMISF-3 Specification of the Health Management Information System Repository',
        'testcase.status.active',
        3,
        true,
        false,
        null,
        'specification.hmis.hmisf.3',
        'ivasiwala@argusoft.com',
        'ivasiwala@argusoft.com',
        Now(),
        Now(),
        0
    ),
    (
        'testcase.hmis.hmisf.3.4',
        'Is there conditional logic to show fields based on conditions, and how does the system handle errors? For instance, If a patient''s age triggers additional information requirements, do relevant fields dynamically appear, and does the system handle errors smoothly?',
        'Question for the HMISF-3 Specification of the Health Management Information System Repository',
        'testcase.status.active',
        4,
        true,
        false,
        null,
        'specification.hmis.hmisf.3',
        'ivasiwala@argusoft.com',
        'ivasiwala@argusoft.com',
        Now(),
        Now(),
        0
    ),
    (
        'testcase.hmis.hmisf.4.1',
        'Does the system provide standard interfaces for importing data from other systems like ADX or FHIR?',
        'Question for the HMISF-4 Specification of the Health Management Information System Repository',
        'testcase.status.active',
        1,
        true,
        false,
        null,
        'specification.hmis.hmisf.4',
        'ivasiwala@argusoft.com',
        'ivasiwala@argusoft.com',
        Now(),
        Now(),
        0
    ),
    (
        'testcase.hmis.hmisf.5.1',
        'Does the system give correct details about hospitals and clinics, showing where they are on a map and telling about their administrative distribution like national or state level?',
        'Question for the HMISF-5 Specification of the Health Management Information System Repository',
        'testcase.status.active',
        1,
        true,
        false,
        null,
        'specification.hmis.hmisf.5',
        'ivasiwala@argusoft.com',
        'ivasiwala@argusoft.com',
        Now(),
        Now(),
        0
    ),
    (
        'testcase.hmis.hmisf.6.1',
        'Are there any user interfaces in the system for sharing health facility information with other systems, such as a facility registry?',
        'Question for the HMISF-6 Specification of the Health Management Information System Repository',
        'testcase.status.active',
        1,
        true,
        false,
        null,
        'specification.hmis.hmisf.6',
        'ivasiwala@argusoft.com',
        'ivasiwala@argusoft.com',
        Now(),
        Now(),
        0
    ),
    (
        'testcase.hmis.hmisf.7.1',
        'Can the system automatically create an annual healthcare report by combining monthly data from different regions?',
        'Question for the HMISF-7 Specification of the Health Management Information System Repository',
        'testcase.status.active',
        1,
        true,
        false,
        null,
        'specification.hmis.hmisf.7',
        'ivasiwala@argusoft.com',
        'ivasiwala@argusoft.com',
        Now(),
        Now(),
        0
    ),
(
        'testcase.hmis.hmisf.7.2',
        'Can you easily query health data in the system based on factors like location, time, or other dimensions?',
        'Question for the HMISF-7 Specification of the Health Management Information System Repository',
        'testcase.status.active',
        2,
        true,
        false,
        null,
        'specification.hmis.hmisf.7',
        'ivasiwala@argusoft.com',
        'ivasiwala@argusoft.com',
        Now(),
        Now(),
        0
    ),
(
        'testcase.hmis.hmisf.7.3',
        'Can you, as a user, customize the graphs or charts in the system by adjusting filter parameters to view specific healthcare data, such as data for a particular country?',
        'Question for the HMISF-7 Specification of the Health Management Information System Repository',
        'testcase.status.active',
        3,
        true,
        false,
        null,
        'specification.hmis.hmisf.7',
        'ivasiwala@argusoft.com',
        'ivasiwala@argusoft.com',
        Now(),
        Now(),
        0
    );

INSERT INTO
    testcase_option (
        id,
        name,
        description,
        state,
        rank,
        is_success,
        testcase_id,
        created_by,
        updated_by,
        created_at,
        updated_at,
        version
    )
VALUES
    (
        'testcase.hmis.hmisf.2.1.option.1',
        'Yes, the HMIS has a user-friendly interface for data entry through web-based tools.',
        'Yes, the HMIS has a user-friendly interface for data entry through web-based tools.',
        'testcase.option.status.active',
        1,
        true,
        'testcase.hmis.hmisf.2.1',
        'ivasiwala@argusoft.com',
        'ivasiwala@argusoft.com',
        Now(),
        Now(),
        0
    ),
    (
        'testcase.hmis.hmisf.2.1.option.2',
        'No, the HMIS lacks a dedicated interface for data entry through web-based tools.',
        'No, the HMIS lacks a dedicated interface for data entry through web-based tools.',
        'testcase.option.status.active',
        2,
        false,
        'testcase.hmis.hmisf.2.1',
        'ivasiwala@argusoft.com',
        'ivasiwala@argusoft.com',
        Now(),
        Now(),
        0
    ),
    (
        'testcase.hmis.hmisf.3.1.option.1',
        'Yes, the system uses dynamic smart forms for efficient data entry.',
        'Yes, the system uses dynamic smart forms for efficient data entry.',
        'testcase.option.status.active',
        1,
        true,
        'testcase.hmis.hmisf.3.1',
        'ivasiwala@argusoft.com',
        'ivasiwala@argusoft.com',
        Now(),
        Now(),
        0
    ),
    (
        'testcase.hmis.hmisf.3.1.option.2',
        'No, the system lacks dynamic smart forms.',
        'No, the system lacks dynamic smart forms.',
        'testcase.option.status.active',
        2,
        false,
        'testcase.hmis.hmisf.3.1',
        'ivasiwala@argusoft.com',
        'ivasiwala@argusoft.com',
        Now(),
        Now(),
        0
    ),
    (
        'testcase.hmis.hmisf.3.2.option.1',
        'Yes, the system employs validation rules to ensure accurate data.',
        'Yes, the system employs validation rules to ensure accurate data.',
        'testcase.option.status.active',
        1,
        true,
        'testcase.hmis.hmisf.3.2',
        'ivasiwala@argusoft.com',
        'ivasiwala@argusoft.com',
        Now(),
        Now(),
        0
    ),
    (
        'testcase.hmis.hmisf.3.2.option.2',
        'No, the system doesn''t have validation rules.',
        'No, the system doesn''t have validation rules.',
        'testcase.option.status.active',
        2,
        false,
        'testcase.hmis.hmisf.3.2',
        'ivasiwala@argusoft.com',
        'ivasiwala@argusoft.com',
        Now(),
        Now(),
        0
    ),
    (
        'testcase.hmis.hmisf.3.3.option.1',
        'Yes, the system has tooltips and auto-population features.',
        'Yes, the system has tooltips and auto-population features.',
        'testcase.option.status.active',
        1,
        true,
        'testcase.hmis.hmisf.3.3',
        'ivasiwala@argusoft.com',
        'ivasiwala@argusoft.com',
        Now(),
        Now(),
        0
    ),
    (
        'testcase.hmis.hmisf.3.3.option.2',
        'No, the system lacks tooltips and auto-population.',
        'No, the system lacks tooltips and auto-population.',
        'testcase.option.status.active',
        2,
        false,
        'testcase.hmis.hmisf.3.3',
        'ivasiwala@argusoft.com',
        'ivasiwala@argusoft.com',
        Now(),
        Now(),
        0
    ),
    (
        'testcase.hmis.hmisf.3.4.option.1',
        'Yes, the HMIS uses conditional logic and effective error handling.',
        'Yes, the HMIS uses conditional logic and effective error handling.',
        'testcase.option.status.active',
        1,
        true,
        'testcase.hmis.hmisf.3.4',
        'ivasiwala@argusoft.com',
        'ivasiwala@argusoft.com',
        Now(),
        Now(),
        0
    ),
    (
        'testcase.hmis.hmisf.3.4.option.2',
        'No, the HMIS doesn''t utilize conditional logic, and error handling is limited.',
        'No, the HMIS doesn''t utilize conditional logic, and error handling is limited.',
        'testcase.option.status.active',
        2,
        false,
        'testcase.hmis.hmisf.3.4',
        'ivasiwala@argusoft.com',
        'ivasiwala@argusoft.com',
        Now(),
        Now(),
        0
    ),
    (
        'testcase.hmis.hmisf.4.1.option.1',
        'Yes, the system provides standard interfaces for importing data from other systems.',
        'Yes, the system provides standard interfaces for importing data from other systems.',
        'testcase.option.status.active',
        1,
        true,
        'testcase.hmis.hmisf.4.1',
        'ivasiwala@argusoft.com',
        'ivasiwala@argusoft.com',
        Now(),
        Now(),
        0
    ),
    (
        'testcase.hmis.hmisf.4.1.option.2',
        'No, the system does not provide stand interfaces for importing data from other systems.',
        'No, the system does not provide stand interfaces for importing data from other systems.',
        'testcase.option.status.active',
        2,
        false,
        'testcase.hmis.hmisf.4.1',
        'ivasiwala@argusoft.com',
        'ivasiwala@argusoft.com',
        Now(),
        Now(),
        0
    ),
    (
        'testcase.hmis.hmisf.5.1.option.1',
        'Yes, the system provides correct details, shows locations on a map, and explains administrative distribution.',
        'Yes, the system provides correct details, shows locations on a map, and explains administrative distribution.',
        'testcase.option.status.active',
        1,
        true,
        'testcase.hmis.hmisf.5.1',
        'ivasiwala@argusoft.com',
        'ivasiwala@argusoft.com',
        Now(),
        Now(),
        0
    ),
    (
        'testcase.hmis.hmisf.5.1.option.2',
        'No, the system doesn''t provide correct details, doesn''t show locations on a map, and doesn''t explain administrative distribution.',
        'No, the system doesn''t provide correct details, doesn''t show locations on a map, and doesn''t explain administrative distribution.',
        'testcase.option.status.active',
        2,
        false,
        'testcase.hmis.hmisf.5.1',
        'ivasiwala@argusoft.com',
        'ivasiwala@argusoft.com',
        Now(),
        Now(),
        0
    ),
    (
        'testcase.hmis.hmisf.6.1.option.1',
        'Yes, the HMIS provides interfaces for sharing health facility information with other systems, including a facility registry.',
        'Yes, the HMIS provides interfaces for sharing health facility information with other systems, including a facility registry.',
        'testcase.option.status.active',
        1,
        true,
        'testcase.hmis.hmisf.6.1',
        'ivasiwala@argusoft.com',
        'ivasiwala@argusoft.com',
        Now(),
        Now(),
        0
    ),
    (
        'testcase.hmis.hmisf.6.1.option.2',
        'No, the HMIS lacks the capability to provide interfaces for sharing health facility information with other systems, such as a facility registry.',
        'No, the HMIS lacks the capability to provide interfaces for sharing health facility information with other systems, such as a facility registry.',
        'testcase.option.status.active',
        2,
        false,
        'testcase.hmis.hmisf.6.1',
        'ivasiwala@argusoft.com',
        'ivasiwala@argusoft.com',
        Now(),
        Now(),
        0
    ),
    (
        'testcase.hmis.hmisf.7.1.option.1',
        'Yes, the system can generate annual reports by aggregating and analyzing monthly healthcare data from various regions.',
        'Yes, the system can generate annual reports by aggregating and analyzing monthly healthcare data from various regions.',
        'testcase.option.status.active',
        1,
        true,
        'testcase.hmis.hmisf.7.1',
        'ivasiwala@argusoft.com',
        'ivasiwala@argusoft.com',
        Now(),
        Now(),
        0
    ),
    (
        'testcase.hmis.hmisf.7.1.option.2',
        'No, the system cannot analyze data for annual reports.',
        'No, the system cannot analyze data for annual reports.',
        'testcase.option.status.active',
        2,
        false,
        'testcase.hmis.hmisf.7.1',
        'ivasiwala@argusoft.com',
        'ivasiwala@argusoft.com',
        Now(),
        Now(),
        0
    ),
    (
        'testcase.hmis.hmisf.7.2.option.1',
        'Yes, the system has a flexible interface and analytics API for querying health data.',
        'Yes, the system has a flexible interface and analytics API for querying health data.',
        'testcase.option.status.active',
        1,
        true,
        'testcase.hmis.hmisf.7.2',
        'ivasiwala@argusoft.com',
        'ivasiwala@argusoft.com',
        Now(),
        Now(),
        0
    ),
    (
        'testcase.hmis.hmisf.7.2.option.2',
        'No, the system lacks a flexible interface or analytics API for data queries.',
        'No, the system lacks a flexible interface or analytics API for data queries.',
        'testcase.option.status.active',
        2,
        false,
        'testcase.hmis.hmisf.7.2',
        'ivasiwala@argusoft.com',
        'ivasiwala@argusoft.com',
        Now(),
        Now(),
        0
    ),
    (
        'testcase.hmis.hmisf.7.3.option.1',
        'Yes, the system allows users to generate customized visualizations by adjusting filter parameters.',
        'Yes, the system allows users to generate customized visualizations by adjusting filter parameters.',
        'testcase.option.status.active',
        1,
        true,
        'testcase.hmis.hmisf.7.3',
        'ivasiwala@argusoft.com',
        'ivasiwala@argusoft.com',
        Now(),
        Now(),
        0
    ),
    (
        'testcase.hmis.hmisf.7.3.option.2',
        'No, the system does not provide the option to customize graphs or charts based on filter parameters.',
        'No, the system does not provide the option to customize graphs or charts based on filter parameters.',
        'testcase.option.status.active',
        2,
        false,
        'testcase.hmis.hmisf.7.3',
        'ivasiwala@argusoft.com',
        'ivasiwala@argusoft.com',
        Now(),
        Now(),
        0
    );