--create FR manual testcases audit.
--
--@author dhruv
--@since 2023-09-13
INSERT INTO
    specification_aud (
        id,
        name,
        description,
        state,
        rank,
        is_functional,
        is_required,
        component_id,
        created_by,
        updated_by,
        created_at,
        updated_at,
        version,
        rev,
        revtype
    )
VALUES
    (
        'specification.fr.frf.1',
        'FRF-1',
        'FRF-1 Specification of the Facility Registry Component (https://guides.ohie.org/arch-spec/openhie-component-specifications-1/openhie-facility-registry-fr)',
        'specification.status.active',
        2,
        true,
        true,
        'component.facility.registry',
        'ivasiwala@argusoft.com',
        'ivasiwala@argusoft.com',
        Now(),
        Now(),
        0,
        1,
        0
    ),
    (
        'specification.fr.frf.2',
        'FRF-2',
        'FRF-2 Specification of the Facility Registry Component (https://guides.ohie.org/arch-spec/openhie-component-specifications-1/openhie-facility-registry-fr)',
        'specification.status.active',
        3,
        true,
        true,
        'component.facility.registry',
        'ivasiwala@argusoft.com',
        'ivasiwala@argusoft.com',
        Now(),
        Now(),
        0,
        1,
        0
    ),
    (
        'specification.fr.frf.3',
        'FRF-3',
        'FRF-3 Specification of the Facility Registry Component (https://guides.ohie.org/arch-spec/openhie-component-specifications-1/openhie-facility-registry-fr)',
        'specification.status.active',
        4,
        true,
        false,
        'component.facility.registry',
        'ivasiwala@argusoft.com',
        'ivasiwala@argusoft.com',
        Now(),
        Now(),
        0,
        1,
        0
    ),
    (
        'specification.fr.frf.4',
        'FRF-4',
        'FRF-4 Specification of the Facility Registry Component (https://guides.ohie.org/arch-spec/openhie-component-specifications-1/openhie-facility-registry-fr)',
        'specification.status.active',
        5,
        true,
        true,
        'component.facility.registry',
        'ivasiwala@argusoft.com',
        'ivasiwala@argusoft.com',
        Now(),
        Now(),
        0,
        1,
        0
    ),
    (
        'specification.fr.frf.5',
        'FRF-5',
        'FRF-5 Specification of the Facility Registry Component (https://guides.ohie.org/arch-spec/openhie-component-specifications-1/openhie-facility-registry-fr)',
        'specification.status.active',
        6,
        true,
        false,
        'component.facility.registry',
        'ivasiwala@argusoft.com',
        'ivasiwala@argusoft.com',
        Now(),
        Now(),
        0,
        1,
        0
    ),
    (
        'specification.fr.frf.6',
        'FRF-6',
        'FRF-6 Specification of the Facility Registry Component (https://guides.ohie.org/arch-spec/openhie-component-specifications-1/openhie-facility-registry-fr)',
        'specification.status.active',
        7,
        true,
        false,
        'component.facility.registry',
        'ivasiwala@argusoft.com',
        'ivasiwala@argusoft.com',
        Now(),
        Now(),
        0,
        1,
        0
    ),
    (
        'specification.fr.frf.7',
        'FRF-7',
        'FRF-7 Specification of the Facility Registry Component (https://guides.ohie.org/arch-spec/openhie-component-specifications-1/openhie-facility-registry-fr)',
        'specification.status.active',
        8,
        true,
        false,
        'component.facility.registry',
        'ivasiwala@argusoft.com',
        'ivasiwala@argusoft.com',
        Now(),
        Now(),
        0,
        1,
        0
    ),
    (
        'specification.fr.frf.8',
        'FRF-8',
        'FRF-8 Specification of the Facility Registry Component (https://guides.ohie.org/arch-spec/openhie-component-specifications-1/openhie-facility-registry-fr)',
        'specification.status.active',
        9,
        true,
        true,
        'component.facility.registry',
        'ivasiwala@argusoft.com',
        'ivasiwala@argusoft.com',
        Now(),
        Now(),
        0,
        1,
        0
    ),
    (
        'specification.fr.frf.10',
        'FRF-10',
        'FRF-10 Specification of the Facility Registry Component (https://guides.ohie.org/arch-spec/openhie-component-specifications-1/openhie-facility-registry-fr)',
        'specification.status.active',
        11,
        true,
        false,
        'component.facility.registry',
        'ivasiwala@argusoft.com',
        'ivasiwala@argusoft.com',
        Now(),
        Now(),
        0,
        1,
        0
    ),
    (
        'specification.fr.frf.11',
        'FRF-11',
        'FRF-11 Specification of the Facility Registry Component (https://guides.ohie.org/arch-spec/openhie-component-specifications-1/openhie-facility-registry-fr)',
        'specification.status.active',
        12,
        true,
        false,
        'component.facility.registry',
        'ivasiwala@argusoft.com',
        'ivasiwala@argusoft.com',
        Now(),
        Now(),
        0,
        1,
        0
    ),
    (
        'specification.fr.frf.12',
        'FRF-12',
        'FRF-12 Specification of the Facility Registry Component (https://guides.ohie.org/arch-spec/openhie-component-specifications-1/openhie-facility-registry-fr)',
        'specification.status.active',
        13,
        true,
        false,
        'component.facility.registry',
        'ivasiwala@argusoft.com',
        'ivasiwala@argusoft.com',
        Now(),
        Now(),
        0,
        1,
        0
    ),
    (
        'specification.fr.frf.13',
        'FRF-13',
        'FRF-13 Specification of the Facility Registry Component (https://guides.ohie.org/arch-spec/openhie-component-specifications-1/openhie-facility-registry-fr)',
        'specification.status.active',
        14,
        true,
        false,
        'component.facility.registry',
        'ivasiwala@argusoft.com',
        'ivasiwala@argusoft.com',
        Now(),
        Now(),
        0,
        1,
        0),
    ('specification.fr.frf.14',
     'FRF-14',
     'FRF-14 Specification of the Facility Registry Component (https://guides.ohie.org/arch-spec/openhie-component-specifications-1/openhie-facility-registry-fr)',
     'specification.status.active',
     15,
     true,
     false,
     'component.facility.registry',
     'ivasiwala@argusoft.com',
     'ivasiwala@argusoft.com',
     Now(),
     Now(),
        0,
        1,
        0
    );

INSERT INTO
    testcase_aud (
        id,
        name,
        description,
        state,
        rank,
        is_manual,
        bean_name,
        question_type,
        specification_id,
        created_by,
        updated_by,
        created_at,
        updated_at,
        version,
        rev,
        revtype
    )
VALUES
    (
        'testcase.fr.frf.1.1',
        'Can you see a user interface in the system that shows you the list of attributes/ properties of the registry and also associated data dictionaries for the registry?',
        'Instructions to be added',
        'testcase.status.active',
        1,
        true,
        null,
        'SINGLE_SELECT',
        'specification.fr.frf.1',
        'ivasiwala@argusoft.com',
        'ivasiwala@argusoft.com',
        Now(),
        Now(),
        0,
        1,
        0),
    ('testcase.fr.frf.1.2',
     'In this user interface, are you able to add new attributes to the registry? To test this, try creating a new attribute by name "Facility capacity" in the facility registry, this new field is supposed to store the capacity information for a facility.',
     'Instructions to be added',
     'testcase.status.active',
     2,
     true,
     null,
     'SINGLE_SELECT',
     'specification.fr.frf.1',
     'ivasiwala@argusoft.com',
     'ivasiwala@argusoft.com',
     Now(),
     Now(),
     0,
     1,
     0),
    ('testcase.fr.frf.1.3',
     'In this user interface, are you able to provide definition/ description about an attribute? To test this, provide description for the newly created attribute "Facility capacity", you can provide the following description "This attribute stores the information about the maximum number of individuals the facility can accommodate".',
     'Instructions to be added',
     'testcase.status.active',
     3,
     true,
     null,
     'SINGLE_SELECT',
     'specification.fr.frf.1',
     'ivasiwala@argusoft.com',
     'ivasiwala@argusoft.com',
     Now(),
     Now(),
     0,
     1,
     0),
    ('testcase.fr.frf.1.4',
     'In this user interface, are you able to modify the attributes as the data dictionary evolves? To test this, make some modifications to the attribute by name "Facility capacity", you can try modifying the name to "Maximum occupancy".',
     'Instructions to be added',
     'testcase.status.active',
     4,
        true,
        null,
        'SINGLE_SELECT',
        'specification.fr.frf.1',
        'ivasiwala@argusoft.com',
        'ivasiwala@argusoft.com',
        Now(),
        Now(),
        0,
        1,
        0
    ),
    (
        'testcase.fr.frf.2.1',
        'Can you see a user interface in the system that allows you to create multi-organizational hierarchies of facilities? To test this, create hierarchy for a large healthcare network that has global headquarters, under headquarter there are regional offices, under a regional office there are country level organizations and under a country level organizations there are healthcare facilities. A healthcare facility can then be spread across geographical objects such as cities, towns.',
        'Instructions to be added',
        'testcase.status.active',
        1,
        true,
        null,
        'SINGLE_SELECT',
        'specification.fr.frf.2',
        'ivasiwala@argusoft.com',
        'ivasiwala@argusoft.com',
        Now(),
        Now(),
        0,
        1,
        0
    ),
    (
        'testcase.fr.frf.2.2',
        'In this user interface, are you able to provide definition/ description for any multi-level organization hierarchy? To test this, you can provide following description for the newly created hierarchy "A large healthcare network with global headquarters, regional offices, country level organizations, healthcare facilities."',
        'Instructions to be added',
        'testcase.status.active',
        2,
        true,
        null,
        'SINGLE_SELECT',
        'specification.fr.frf.2',
        'ivasiwala@argusoft.com',
        'ivasiwala@argusoft.com',
        Now(),
        Now(),
        0,
        1,
        0
    ),
    ('testcase.fr.frf.2.3',
     'In this user interface are you able to handle maintenance of these multi-level organization hierarchy? To test this, consider a new healthcare facility needs to be added to the hierarchy, are you able to add it?',
     'Instructions to be added',
        'testcase.status.active',
     3,
        true,
        null,
        'SINGLE_SELECT',
     'specification.fr.frf.2',
        'ivasiwala@argusoft.com',
        'ivasiwala@argusoft.com',
        Now(),
        Now(),
        0,
        1,
        0
    ),
    ('testcase.fr.frf.3.1',
     'In the system, are you able to see the data for these attributes of Facility or store data into these attributes of Facility: Facility name, Facility type, Facility ownership/managing authority, Facility physical address, Facility contact information, Record date, Operational status, Administrative level/areas, Geographic coordinates and Facility unique identifier?',
     'Instructions to be added',
        'testcase.status.active',
        1,
        true,
        null,
        'SINGLE_SELECT',
     'specification.fr.frf.3',
        'ivasiwala@argusoft.com',
        'ivasiwala@argusoft.com',
        Now(),
        Now(),
        0,
        1,
        0
    ),
    ('testcase.fr.frf.3.2',
     'In the system, are you able to see this information or store data this information about Facility: Type of Services offered (Lab, HIV, TB, etc), Human resource for health, numbers by cadre, Opening and closing times, Common and Mapped Identifiers per Location, Details on Infrastructure - Power, Water, etc.',
     'Instructions to be added',
        'testcase.status.active',
        2,
        true,
        null,
        'SINGLE_SELECT',
     'specification.fr.frf.3',
        'ivasiwala@argusoft.com',
        'ivasiwala@argusoft.com',
        Now(),
        Now(),
        0,
        1,
        0
    ),
    ('testcase.fr.frf.4.1',
     'Does the system provide a user interface that allows you to create and manage user accounts, including defining permissions such as who can only read data and who can also edit the data? For instance: Can you easily add a new user, and provide the permission to the new user so the user can edit the saved configurations?',
     'Instructions to be added',
        'testcase.status.active',
     1,
        true,
        null,
        'SINGLE_SELECT',
        'specification.fr.frf.4',
        'ivasiwala@argusoft.com',
        'ivasiwala@argusoft.com',
        Now(),
        Now(),
        0,
        1,
        0
    ),
    (
        'testcase.fr.frf.5.1',
        'Does the system allow you to create roles and assign permissions to them? For instance, try creating a role by name "Reporter," and assign permission to this role such that user with this role, are able to only read the facility related data but are not able to make any changes to them.',
        'Instructions to be added',
        'testcase.status.active',
        1,
        true,
        null,
        'SINGLE_SELECT',
        'specification.fr.frf.5',
        'ivasiwala@argusoft.com',
        'ivasiwala@argusoft.com',
        Now(),
        Now(),
        0,
        1,
        0
    ),
    (
        'testcase.fr.frf.6.1',
        'Is the system equipped with adaptable and standards-based APIs, particularly favoring RESTful API?',
        'Instructions to be added',
        'testcase.status.active',
        1,
        true,
        null,
        'SINGLE_SELECT',
        'specification.fr.frf.6',
        'ivasiwala@argusoft.com',
        'ivasiwala@argusoft.com',
        Now(),
        Now(),
        0,
        1,
        0
    ),
    (
        'testcase.fr.frf.7.1',
        'Does the system have the ability to pull and/or push data to other systems in formats such as .csv? For example, to check if you are able to pull data from the system, you can can try downloading the facility information such as facility name, facility type, facility physical address, etc from the system. To check if you are able to push data to the system, you can try uploading file with facility information into the system.',
        'Instructions to be added',
        'testcase.status.active',
        1,
        true,
        null,
        'SINGLE_SELECT',
        'specification.fr.frf.7',
        'ivasiwala@argusoft.com',
        'ivasiwala@argusoft.com',
        Now(),
        Now(),
        0,
        1,
        0
    ),
    (
        'testcase.fr.frf.8.1',
        'Can you see an interface that allows you to do bulk imports? Bulk import allows users to efficiently upload a large volume of records, such as facility information, in a single operation.',
        'Instructions to be added',
        'testcase.status.active',
        1,
        true,
        null,
        'SINGLE_SELECT',
        'specification.fr.frf.8',
        'ivasiwala@argusoft.com',
        'ivasiwala@argusoft.com',
        Now(),
        Now(),
        0,
        1,
        0
    ),
    (
        'testcase.fr.frf.10.1',
        'Does the system has any user interface which allows the user to view the location of a facility on a map? For example, if you want to find a hospital, clinic, can you see its location on a map through the system?',
        'Instructions to be added',
        'testcase.status.active',
        1,
        true,
        null,
        'SINGLE_SELECT',
        'specification.fr.frf.10',
        'ivasiwala@argusoft.com',
        'ivasiwala@argusoft.com',
        Now(),
        Now(),
        0,
        1,
        0
    ),
    (
        'testcase.fr.frf.11.1',
        'Does the system allows public access to view some of the relevant data, such as facility contact details, location, operating hours, and services provided by a facility?',
        'Instructions to be added',
        'testcase.status.active',
        1,
        true,
        null,
        'SINGLE_SELECT',
        'specification.fr.frf.11',
        'ivasiwala@argusoft.com',
        'ivasiwala@argusoft.com',
        Now(),
        Now(),
        0,
        1,
        0
    ),
    (
        'testcase.fr.frf.12.1',
        'Can the system help users keep information about healthcare facilities up to date, such as whether a clinic is open, closed, or offering new services?',
        'Instructions to be added',
        'testcase.status.active',
        1,
        true,
        null,
        'SINGLE_SELECT',
        'specification.fr.frf.12',
        'ivasiwala@argusoft.com',
        'ivasiwala@argusoft.com',
        Now(),
        Now(),
        0,
        1,
        0
    ),
    ('testcase.fr.frf.13.1',
     'Can you verify if the system successfully generate reports, such as a list of healthcare facilities in a specific city with essential details like name, type, and location?',
     'Instructions to be added',
     'testcase.status.active',
     1,
     true,
     null,
     'SINGLE_SELECT',
     'specification.fr.frf.13',
     'ivasiwala@argusoft.com',
     'ivasiwala@argusoft.com',
     Now(),
     Now(),
     0,
     1,
     0),
    ('testcase.fr.frf.14.1',
     'Can you verify if the records of Facility Registry in the system aligns with Primary Master Facility? If the Master List includes 100 hospitals, 200 clinics, and 50 laboratories, the Facility Registry should also show 100 hospitals, 200 clinics, and 50 laboratories, mirroring the official list.',
     'Instructions to be added',
        'testcase.status.active',
     1,
        true,
        null,
        'SINGLE_SELECT',
     'specification.fr.frf.14',
        'ivasiwala@argusoft.com',
        'ivasiwala@argusoft.com',
        Now(),
        Now(),
        0,
        1,
        0
    ),
    ('testcase.fr.frf.14.2',
     'Can you verify if the changes made to the Facility Registry influences updates on Primary Master Facility? For eg: when a new clinic opens in a certain region. The Facility Registry identifies this change, and the health department updates the official Master List based on the information provided by the Facility Registry. So, the Facility Registry should help to keep the primary list accurate by influencing updates like this.',
     'Instructions to be added',
        'testcase.status.active',
     2,
        true,
        null,
        'SINGLE_SELECT',
     'specification.fr.frf.14',
        'ivasiwala@argusoft.com',
        'ivasiwala@argusoft.com',
        Now(),
        Now(),
        0,
        1,
        0
    );

INSERT INTO
    testcase_option_aud (
        id,
        name,
        description,
        state,
        rank,
        is_success,
        testcase_id,
        created_by,
        updated_by,
        created_at,
        updated_at,
        version,
        rev,
        revtype
    )
VALUES
    (
        'testcase.fr.frf.1.1.option.1',
        'Yes, I can see such user interface in the system',
        'Criteria to be added',
        'testcase.option.status.active',
        1,
        true,
        'testcase.fr.frf.1.1',
        'ivasiwala@argusoft.com',
        'ivasiwala@argusoft.com',
        Now(),
        Now(),
        0,
        1,
        0
    ),
    (
        'testcase.fr.frf.1.1.option.2',
        'No, I can not find such user interface in the system',
        'Criteria to be added',
        'testcase.option.status.active',
        2,
        false,
        'testcase.fr.frf.1.1',
        'ivasiwala@argusoft.com',
        'ivasiwala@argusoft.com',
        Now(),
        Now(),
        0,
        1,
        0),
    ('testcase.fr.frf.1.2.option.1',
     'Yes, the system''s user interface facilitates creation of new attributes',
     'Criteria to be added',
     'testcase.option.status.active',
     1,
     true,
     'testcase.fr.frf.1.2',
     'ivasiwala@argusoft.com',
     'ivasiwala@argusoft.com',
     Now(),
     Now(),
     0,
     1,
     0),
    ('testcase.fr.frf.1.2.option.2',
     'No, the system''s user interface doesn''t facilitates creation of new attributes',
     'Criteria to be added',
     'testcase.option.status.active',
     2,
     false,
     'testcase.fr.frf.1.2',
     'ivasiwala@argusoft.com',
     'ivasiwala@argusoft.com',
     Now(),
     Now(),
     0,
     1,
     0),
    ('testcase.fr.frf.1.3.option.1',
     'Yes, the system''s user interface facilitates defining attributes',
     'Criteria to be added',
     'testcase.option.status.active',
     1,
     true,
     'testcase.fr.frf.1.3',
     'ivasiwala@argusoft.com',
     'ivasiwala@argusoft.com',
     Now(),
     Now(),
     0,
     1,
     0),
    ('testcase.fr.frf.1.3.option.2',
     'No, the system''s user interface doesn''t facilitates defining attributes',
     'Criteria to be added',
     'testcase.option.status.active',
     2,
     false,
     'testcase.fr.frf.1.3',
     'ivasiwala@argusoft.com',
     'ivasiwala@argusoft.com',
     Now(),
     Now(),
     0,
     1,
     0),
    ('testcase.fr.frf.1.4.option.1',
     'Yes, the system''s user interface facilitates modifying attributes as data dictionary evolves',
     'Criteria to be added',
     'testcase.option.status.active',
     1,
     true,
     'testcase.fr.frf.1.4',
     'ivasiwala@argusoft.com',
     'ivasiwala@argusoft.com',
     Now(),
     Now(),
     0,
     1,
     0),
    ('testcase.fr.frf.1.4.option.2',
     'No, the system''s user interface doesn''t facilitates modifying attributes as data dictionary evolves',
     'Criteria to be added',
     'testcase.option.status.active',
     2,
     false,
     'testcase.fr.frf.1.4',
     'ivasiwala@argusoft.com',
     'ivasiwala@argusoft.com',
     Now(),
     Now(),
        0,
        1,
        0
    ),
    (
        'testcase.fr.frf.2.1.option.1',
        'Yes, the system supports creating multi-organizational hierarchies of facilities',
        'Criteria to be added',
        'testcase.option.status.active',
        1,
        true,
        'testcase.fr.frf.2.1',
        'ivasiwala@argusoft.com',
        'ivasiwala@argusoft.com',
        Now(),
        Now(),
        0,
        1,
        0
    ),
    (
        'testcase.fr.frf.2.1.option.2',
        'No, the system doesn''t support creating multi-organizational hierarchies of facilities',
        'Criteria to be added',
        'testcase.option.status.active',
        2,
        false,
        'testcase.fr.frf.2.1',
        'ivasiwala@argusoft.com',
        'ivasiwala@argusoft.com',
        Now(),
        Now(),
        0,
        1,
        0
    ),
    (
        'testcase.fr.frf.2.2.option.1',
        'Yes, the system supports defining multi-organizational hierarchies',
        'Criteria to be added',
        'testcase.option.status.active',
        1,
        true,
        'testcase.fr.frf.2.2',
        'ivasiwala@argusoft.com',
        'ivasiwala@argusoft.com',
        Now(),
        Now(),
        0,
        1,
        0
    ),
    (
        'testcase.fr.frf.2.2.option.2',
        'No, the system doesn''t support defining multi-organizational hierarchies',
        'Criteria to be added',
        'testcase.option.status.active',
        2,
        false,
        'testcase.fr.frf.2.2',
        'ivasiwala@argusoft.com',
        'ivasiwala@argusoft.com',
        Now(),
        Now(),
        0,
        1,
        0
    ),
    ('testcase.fr.frf.2.3.option.1',
     'Yes, the system supports hierarchy',
     'Criteria to be added',
        'testcase.option.status.active',
        1,
        true,
     'testcase.fr.frf.2.3',
        'ivasiwala@argusoft.com',
        'ivasiwala@argusoft.com',
        Now(),
        Now(),
        0,
        1,
        0
    ),
    ('testcase.fr.frf.2.3.option.2',
     'No, the system can''t handle changes',
     'Criteria to be added',
        'testcase.option.status.active',
        2,
        false,
     'testcase.fr.frf.2.3',
        'ivasiwala@argusoft.com',
        'ivasiwala@argusoft.com',
        Now(),
        Now(),
        0,
        1,
        0
    ),
    ('testcase.fr.frf.3.1.option.1',
     'Yes, the system gathers/ shows these details about Facility',
     'Criteria to be added',
        'testcase.option.status.active',
        1,
        true,
     'testcase.fr.frf.3.1',
        'ivasiwala@argusoft.com',
        'ivasiwala@argusoft.com',
        Now(),
        Now(),
        0,
        1,
        0
    ),
    ('testcase.fr.frf.3.1.option.2',
     'No, the system does not gather/ show these details about Facility',
     'Criteria to be added',
        'testcase.option.status.active',
        2,
        false,
     'testcase.fr.frf.3.1',
        'ivasiwala@argusoft.com',
        'ivasiwala@argusoft.com',
        Now(),
        Now(),
        0,
        1,
        0
    ),
    ('testcase.fr.frf.3.2.option.1',
     'Yes, the system gathers/ shows these details about Facility',
     'Criteria to be added',
        'testcase.option.status.active',
        1,
        true,
     'testcase.fr.frf.3.2',
        'ivasiwala@argusoft.com',
        'ivasiwala@argusoft.com',
        Now(),
        Now(),
        0,
        1,
        0
    ),
    ('testcase.fr.frf.3.2.option.2',
     'No, the system does not gather/ show these details about Facility',
     'Criteria to be added',
        'testcase.option.status.active',
        2,
        false,
     'testcase.fr.frf.3.2',
        'ivasiwala@argusoft.com',
        'ivasiwala@argusoft.com',
        Now(),
        Now(),
        0,
        1,
        0
    ),
    ('testcase.fr.frf.4.1.option.1',
     'Yes, the system facilitates user setup, management, and permission assignment.',
     'Criteria to be added',
        'testcase.option.status.active',
        1,
        true,
     'testcase.fr.frf.4.1',
        'ivasiwala@argusoft.com',
        'ivasiwala@argusoft.com',
        Now(),
        Now(),
        0,
        1,
        0
    ),
    ('testcase.fr.frf.4.1.option.2',
     'No, the system lacks features for user setup, management, and permission definition.',
     'Criteria to be added',
        'testcase.option.status.active',
        2,
        false,
     'testcase.fr.frf.4.1',
        'ivasiwala@argusoft.com',
        'ivasiwala@argusoft.com',
        Now(),
        Now(),
        0,
        1,
        0
    ),
    (
        'testcase.fr.frf.5.1.option.1',
        'Yes, the system supports creating roles and assigning permissions to them.',
        'Criteria to be added',
        'testcase.option.status.active',
        1,
        true,
        'testcase.fr.frf.5.1',
        'ivasiwala@argusoft.com',
        'ivasiwala@argusoft.com',
        Now(),
        Now(),
        0,
        1,
        0
    ),
    (
        'testcase.fr.frf.5.1.option.2',
        'No, the system lacks the capability to create roles and assign permissions to them.',
        'Criteria to be added',
        'testcase.option.status.active',
        2,
        false,
        'testcase.fr.frf.5.1',
        'ivasiwala@argusoft.com',
        'ivasiwala@argusoft.com',
        Now(),
        Now(),
        0,
        1,
        0
    ),
    (
        'testcase.fr.frf.6.1.option.1',
        'Yes, the system features flexible and standards-based APIs, with a preference for RESTful API.',
        'Criteria to be added',
        'testcase.option.status.active',
        1,
        true,
        'testcase.fr.frf.6.1',
        'ivasiwala@argusoft.com',
        'ivasiwala@argusoft.com',
        Now(),
        Now(),
        0,
        1,
        0
    ),
    (
        'testcase.fr.frf.6.1.option.2',
        'No, the system does not have the capability to offer flexible, standards-based APIs, specifically RESTful API.',
        'Criteria to be added',
        'testcase.option.status.active',
        2,
        false,
        'testcase.fr.frf.6.1',
        'ivasiwala@argusoft.com',
        'ivasiwala@argusoft.com',
        Now(),
        Now(),
        0,
        1,
        0
    ),
    (
        'testcase.fr.frf.7.1.option.1',
        'Yes, the system has the ability to pull and/or push data to other systems.',
        'Criteria to be added',
        'testcase.option.status.active',
        1,
        true,
        'testcase.fr.frf.7.1',
        'ivasiwala@argusoft.com',
        'ivasiwala@argusoft.com',
        Now(),
        Now(),
        0,
        1,
        0
    ),
    (
        'testcase.fr.frf.7.1.option.2',
        'No, the system lacks the capability to pull and/or push data to other systems.',
        'Criteria to be added',
        'testcase.option.status.active',
        2,
        false,
        'testcase.fr.frf.7.1',
        'ivasiwala@argusoft.com',
        'ivasiwala@argusoft.com',
        Now(),
        Now(),
        0,
        1,
        0
    ),
    (
        'testcase.fr.frf.8.1.option.1',
        'Yes, the system allows bulk imports.',
        'Criteria to be added',
        'testcase.option.status.active',
        1,
        true,
        'testcase.fr.frf.8.1',
        'ivasiwala@argusoft.com',
        'ivasiwala@argusoft.com',
        Now(),
        Now(),
        0,
        1,
        0
    ),
    (
        'testcase.fr.frf.8.1.option.2',
        'No, the system does not support bulk imports.',
        'Criteria to be added',
        'testcase.option.status.active',
        2,
        false,
        'testcase.fr.frf.8.1',
        'ivasiwala@argusoft.com',
        'ivasiwala@argusoft.com',
        Now(),
        Now(),
        0,
        1,
        0
    ),
    (
        'testcase.fr.frf.10.1.option.1',
        'Yes, the system supports the ability to view the location of facilities on a map, aiding users in easily locating them.',
        'Criteria to be added',
        'testcase.option.status.active',
        1,
        true,
        'testcase.fr.frf.10.1',
        'ivasiwala@argusoft.com',
        'ivasiwala@argusoft.com',
        Now(),
        Now(),
        0,
        1,
        0
    ),
    (
        'testcase.fr.frf.10.1.option.2',
        'No, the system lacks the capability to show the location of facilities on a map, limiting the ability to visually locate them.',
        'Criteria to be added',
        'testcase.option.status.active',
        2,
        false,
        'testcase.fr.frf.10.1',
        'ivasiwala@argusoft.com',
        'ivasiwala@argusoft.com',
        Now(),
        Now(),
        0,
        1,
        0
    ),
    (
        'testcase.fr.frf.11.1.option.1',
        'Yes, the system allows public access to view relevant data, providing information about facility contact details, location, operating hours, and services.',
        'Criteria to be added',
        'testcase.option.status.active',
        1,
        true,
        'testcase.fr.frf.11.1',
        'ivasiwala@argusoft.com',
        'ivasiwala@argusoft.com',
        Now(),
        Now(),
        0,
        1,
        0
    ),
    (
        'testcase.fr.frf.11.1.option.2',
        'No, the system does not allow public access to view relevant data, restricting information about facility contact details, location, operating hours, and services from the public.',
        'Criteria to be added',
        'testcase.option.status.active',
        2,
        false,
        'testcase.fr.frf.11.1',
        'ivasiwala@argusoft.com',
        'ivasiwala@argusoft.com',
        Now(),
        Now(),
        0,
        1,
        0
    ),
    (
        'testcase.fr.frf.12.1.option.1',
        'Yes, the system supports updating information about healthcare facilities, including modifying facility details, changing site status, and modifying services provided.',
        'Criteria to be added',
        'testcase.option.status.active',
        1,
        true,
        'testcase.fr.frf.12.1',
        'ivasiwala@argusoft.com',
        'ivasiwala@argusoft.com',
        Now(),
        Now(),
        0,
        1,
        0
    ),
    (
        'testcase.fr.frf.12.1.option.2',
        'No, the system lacks the capability to help users keep information about healthcare facilities up to date.',
        'Criteria to be added',
        'testcase.option.status.active',
        2,
        false,
        'testcase.fr.frf.12.1',
        'ivasiwala@argusoft.com',
        'ivasiwala@argusoft.com',
        Now(),
        Now(),
        0,
        1,
        0
    ),
    ('testcase.fr.frf.13.1.option.1',
     'Yes, the system generates standard and customizable reports effectively.',
     'Criteria to be added',
     'testcase.option.status.active',
     1,
     true,
     'testcase.fr.frf.13.1',
     'ivasiwala@argusoft.com',
     'ivasiwala@argusoft.com',
     Now(),
     Now(),
     0,
     1,
     0),
    ('testcase.fr.frf.13.1.option.2',
     'No, the system encounters difficulties in generating reports.',
     'Criteria to be added',
     'testcase.option.status.active',
     2,
     false,
     'testcase.fr.frf.13.1',
     'ivasiwala@argusoft.com',
     'ivasiwala@argusoft.com',
     Now(),
     Now(),
     0,
     1,
     0),
    ('testcase.fr.frf.14.1.option.1',
     'Yes, the Facility Registry in the system aligns with Primary Master Facility',
     'Criteria to be added',
        'testcase.option.status.active',
        1,
        true,
     'testcase.fr.frf.14.1',
        'ivasiwala@argusoft.com',
        'ivasiwala@argusoft.com',
        Now(),
        Now(),
        0,
        1,
        0
    ),
    ('testcase.fr.frf.14.1.option.2',
     'No, the Facility Registry in the system does not align with Primary Master Facility',
     'Criteria to be added',
        'testcase.option.status.active',
        2,
        false,
     'testcase.fr.frf.14.1',
        'ivasiwala@argusoft.com',
        'ivasiwala@argusoft.com',
        Now(),
        Now(),
        0,
        1,
        0
    ),
    ('testcase.fr.frf.14.2.option.1',
     'Yes, the Facility Registry influences updates on Primary Master Facility',
     'Criteria to be added',
        'testcase.option.status.active',
        1,
        true,
     'testcase.fr.frf.14.2',
        'ivasiwala@argusoft.com',
        'ivasiwala@argusoft.com',
        Now(),
        Now(),
        0,
        1,
        0
    ),
    ('testcase.fr.frf.14.2.option.2',
     'No, the Facility Registry does not influence updates on Primary Master Facility',
     'Criteria to be added',
        'testcase.option.status.active',
        2,
        false,
     'testcase.fr.frf.14.2',
        'ivasiwala@argusoft.com',
        'ivasiwala@argusoft.com',
        Now(),
        Now(),
        0,
        1,
        0
    );