INSERT INTO
    specification_aud (
        id,
        name,
        description,
        state,
        rank,
        is_required,
        is_functional,
        component_id,
        created_by,
        updated_by,
        created_at,
        updated_at,
        rev,
        revtype,
        version
    )
VALUES
    (
        'specification.cr.crf.1',
        'CRF-1',
        'CRF-1 Specification of the Client Registry Component (https://guides.ohie.org/arch-spec/openhie-component-specifications-1/client-registry)',
        'specification.status.active',
        5,
        false,
        true,
        'component.client.registry',
        'ivasiwala@argusoft.com',
        'ivasiwala@argusoft.com',
        Now(),
        Now(),
        1,
        0,
        0
    ),
    (
        'specification.cr.crf.2',
        'CRF-2',
        'CRF-2 Specification of the Client Registry Component (https://guides.ohie.org/arch-spec/openhie-component-specifications-1/client-registry)',
        'specification.status.active',
        6,
        true,
        true,
        'component.client.registry',
        'ivasiwala@argusoft.com',
        'ivasiwala@argusoft.com',
        Now(),
        Now(),
        1,
        0,
        0
    ),
    (
        'specification.cr.crf.4',
        'CRF-4',
        'CRF-4 Specification of the Client Registry Component (https://guides.ohie.org/arch-spec/openhie-component-specifications-1/client-registry)',
        'specification.status.active',
        8,
        false,
        true,
        'component.client.registry',
        'ivasiwala@argusoft.com',
        'ivasiwala@argusoft.com',
        Now(),
        Now(),
        1,
        0,
        0
    ),
    (
        'specification.cr.crf.5',
        'CRF-5',
        'CRF-5 Specification of the Client Registry Component (https://guides.ohie.org/arch-spec/openhie-component-specifications-1/client-registry)',
        'specification.status.active',
        9,
        false,
        true,
        'component.client.registry',
        'ivasiwala@argusoft.com',
        'ivasiwala@argusoft.com',
        Now(),
        Now(),
        1,
        0,
        0
    ),
    (
        'specification.cr.crf.6',
        'CRF-6',
        'CRF-6 Specification of the Client Registry Component (https://guides.ohie.org/arch-spec/openhie-component-specifications-1/client-registry)',
        'specification.status.active',
        10,
        false,
        true,
        'component.client.registry',
        'ivasiwala@argusoft.com',
        'ivasiwala@argusoft.com',
        Now(),
        Now(),
        1,
        0,
        0
    ),
    (
        'specification.cr.crf.9',
        'CRF-9',
        'CRF-9 Specification of the Client Registry Component (https://guides.ohie.org/arch-spec/openhie-component-specifications-1/client-registry)',
        'specification.status.active',
        13,
        false,
        true,
        'component.client.registry',
        'ivasiwala@argusoft.com',
        'ivasiwala@argusoft.com',
        Now(),
        Now(),
        1,
        0,
        0
    );

INSERT INTO
    testcase_aud (
        id,
        name,
        description,
        state,
        rank,
        is_manual,
        bean_name,
        question_type,
        specification_id,
        created_by,
        updated_by,
        created_at,
        updated_at,
        rev,
        revtype,
        version
    )
VALUES
    (
        'testcase.cr.crf.1.1',
        'Can you, as a user, change the rules for deciding if two records match, like setting statistical criteria which could include algorithms that calculate the similarity of certain attributes, such as age, using statistical methods like mean, median, or standard deviation or defining rules based on factors like age, gender, or address?',
        'Question for the CRF-1 Specification of the Client Registry',
        'testcase.status.active',
        1,
        true,
        null,
        'MULTI_SELECT',
        'specification.cr.crf.1',
        'ivasiwala@argusoft.com',
        'ivasiwala@argusoft.com',
        Now(),
        Now(),
        1,
        0,
        0
    ),
    (
        'testcase.cr.crf.1.2',
        'Is there a feature in the system allowing you to view the group records before applying matching rules, potentially enhancing matching efficiency? For instance, can you classify group patients by Zip code and then apply matching rules to each group?',
        'Question for the CRF-1 Specification of the Client Registry',
        'testcase.status.active',
        2,
        true,
        null,
        'SINGLE_SELECT',
        'specification.cr.crf.1',
        'ivasiwala@argusoft.com',
        'ivasiwala@argusoft.com',
        Now(),
        Now(),
        1,
        0,
        0
    ),
    (
        'testcase.cr.crf.1.3',
        'Can you see a user interface in the system that enables you to create your own matching rules or strategies for a personalized approach, such as designing rules based on both the patient''s medical condition and their geographical location?',
        'Question for the CRF-1 Specification of the Client Registry',
        'testcase.status.active',
        3,
        true,
        null,
        'SINGLE_SELECT',
        'specification.cr.crf.1',
        'ivasiwala@argusoft.com',
        'ivasiwala@argusoft.com',
        Now(),
        Now(),
        1,
        0,
        0
    ),
    (
        'testcase.cr.crf.1.4',
        'In the record matching system''s interface, is there a default implementation of a matching rule or strategy provided, like a basic rule comparing names and birthdates?',
        'Question for the CRF-1 Specification of the Client Registry',
        'testcase.status.active',
        4,
        true,
        null,
        'SINGLE_SELECT',
        'specification.cr.crf.1',
        'ivasiwala@argusoft.com',
        'ivasiwala@argusoft.com',
        Now(),
        Now(),
        1,
        0,
        0
    ),
    (
        'testcase.cr.crf.1.5',
        'Can you, as a user, easily change the default matching rule to suit your needs? For example, adjust the age range or redefine criteria for matching addresses?',
        'Question for the CRF-1 Specification of the Client Registry',
        'testcase.status.active',
        5,
        true,
        null,
        'SINGLE_SELECT',
        'specification.cr.crf.1',
        'ivasiwala@argusoft.com',
        'ivasiwala@argusoft.com',
        Now(),
        Now(),
        1,
        0,
        0
    ),
    (
        'testcase.cr.crf.1.6',
        'Can you easily change and find the system''s settings, like how records are matched, because they are stored in a familiar place like a database or files?',
        'Question for the CRF-1 Specification of the Client Registry',
        'testcase.status.active',
        6,
        true,
        null,
        'SINGLE_SELECT',
        'specification.cr.crf.1',
        'ivasiwala@argusoft.com',
        'ivasiwala@argusoft.com',
        Now(),
        Now(),
        1,
        0,
        0
    ),
    (
        'testcase.cr.crf.1.7',
        'As a user, can you easily set up matching rules step-by-step or with a guided process in the system?',
        'Question for the CRF-1 Specification of the Client Registry',
        'testcase.status.active',
        7,
        true,
        null,
        'SINGLE_SELECT',
        'specification.cr.crf.1',
        'ivasiwala@argusoft.com',
        'ivasiwala@argusoft.com',
        Now(),
        Now(),
        1,
        0,
        0
    ),
    (
        'testcase.cr.crf.2.1',
        'As a user, does the system implement accurate and efficient methods for patient linking and de-duplication? For example, can you reference a specific instance where the system successfully linked and de-duplicated patient records accurately?',
        'Question for the CRF-2 Specification of the Client Registry',
        'testcase.status.active',
        1,
        true,
        null,
        'SINGLE_SELECT',
        'specification.cr.crf.2',
        'ivasiwala@argusoft.com',
        'ivasiwala@argusoft.com',
        Now(),
        Now(),
        1,
        0,
        0
    ),
    (
        'testcase.cr.crf.2.2',
        'Can you, as a user, easily view merge/linkage operations in the system in a way that is both intuitive and user-friendly? For instance, have you been able to navigate the system to monitor merge/linkage operations effortlessly?',
        'Question for the CRF-2 Specification of the Client Registry',
        'testcase.status.active',
        2,
        true,
        null,
        'SINGLE_SELECT',
        'specification.cr.crf.2',
        'ivasiwala@argusoft.com',
        'ivasiwala@argusoft.com',
        Now(),
        Now(),
        1,
        0,
        0
    ),
    (
        'testcase.cr.crf.2.3',
        'In the system, is there a feature that allows you to manually accept or reject merge suggestions in a straightforward and intuitive manner? Additionally, can you choose fields from either record to be merged? Have you had a scenario where you needed to manually intervene in the merging process?',
        'Question for the CRF-2 Specification of the Client Registry',
        'testcase.status.active',
        3,
        true,
        null,
        'SINGLE_SELECT',
        'specification.cr.crf.2',
        'ivasiwala@argusoft.com',
        'ivasiwala@argusoft.com',
        Now(),
        Now(),
        1,
        0,
        0
    ),
    (
        'testcase.cr.crf.4.1',
        'Does the system support synchronization of patient identification numbers (IDs) with a Shared Health Record (SHR)?',
        'Question for the CRF-4 Specification of the Client Registry',
        'testcase.status.active',
        1,
        true,
        null,
        'SINGLE_SELECT',
        'specification.cr.crf.4',
        'ivasiwala@argusoft.com',
        'ivasiwala@argusoft.com',
        Now(),
        Now(),
        1,
        0,
        0
    ),
    (
        'testcase.cr.crf.5.1',
        'As a user, does the system provide a user interface (UI) that allows you to review potential matches, where the system is uncertain about the match, and lets you make a manual decision on whether they are indeed the same patient?',
        'Question for the CRF-5 Specification of the Client Registry',
        'testcase.status.active',
        1,
        true,
        null,
        'SINGLE_SELECT',
        'specification.cr.crf.5',
        'ivasiwala@argusoft.com',
        'ivasiwala@argusoft.com',
        Now(),
        Now(),
        1,
        0,
        0
    ),
    (
        'testcase.cr.crf.5.2',
        'In the system''s UI, can you, as a user, override matches that the system has identified as incorrect? For example, have you used the UI to correct mistakes where the system incorrectly identified two records as a match?',
        'Question for the CRF-5 Specification of the Client Registry',
        'testcase.status.active',
        2,
        true,
        null,
        'SINGLE_SELECT',
        'specification.cr.crf.5',
        'ivasiwala@argusoft.com',
        'ivasiwala@argusoft.com',
        Now(),
        Now(),
        1,
        0,
        0
    ),
    (
        'testcase.cr.crf.6.1',
        'As a user, does the system allow you to modify the information used to identify patients, such as changing the attributes used for patient record? For instance, if the system initially uses name, birthdate, and address, can you choose different information for patient identification?',
        'Question for the CRF-6 Specification of the Client Registry',
        'testcase.status.active',
        1,
        true,
        null,
        'SINGLE_SELECT',
        'specification.cr.crf.6',
        'ivasiwala@argusoft.com',
        'ivasiwala@argusoft.com',
        Now(),
        Now(),
        1,
        0,
        0
    ),
    (
        'testcase.cr.crf.6.2',
        'Does the system come with a pre-defined example of what a patient''s record should look like, while still allowing you the flexibility to change it if needed?',
        'Question for the CRF-6 Specification of the Client Registry',
        'testcase.status.active',
        2,
        true,
        null,
        'SINGLE_SELECT',
        'specification.cr.crf.6',
        'ivasiwala@argusoft.com',
        'ivasiwala@argusoft.com',
        Now(),
        Now(),
        1,
        0,
        0
    ),
    (
        'testcase.cr.crf.6.3',
        'Can you, as a user, easily add new pieces of information (attributes) to a patient''s record? For example, if you want to include a patient''s email address, can you do so without difficulty?',
        'Question for the CRF-6 Specification of the Client Registry',
        'testcase.status.active',
        3,
        true,
        null,
        'SINGLE_SELECT',
        'specification.cr.crf.6',
        'ivasiwala@argusoft.com',
        'ivasiwala@argusoft.com',
        Now(),
        Now(),
        1,
        0,
        0
    ),
    (
        'testcase.cr.crf.6.4',
        'If you want to use a different patient record model or create your own, can you easily remove the default setup and establish your own model in the system?',
        'Question for the CRF-6 Specification of the Client Registry',
        'testcase.status.active',
        4,
        true,
        null,
        'SINGLE_SELECT',
        'specification.cr.crf.6',
        'ivasiwala@argusoft.com',
        'ivasiwala@argusoft.com',
        Now(),
        Now(),
        1,
        0,
        0
    ),
    (
        'testcase.cr.crf.8.2',
        'Does the system record and log details such as what was changed, when it was changed, and who made the change whenever modifications are made to the data?',
        'Question for the CRF-8 Specification of the Client Registry',
        'testcase.status.active',
        1,
        true,
        null,
        'SINGLE_SELECT',
        'specification.cr.crf.8',
        'ivasiwala@argusoft.com',
        'ivasiwala@argusoft.com',
        Now(),
        Now(),
        1,
        0,
        0
    ),
    (
        'testcase.cr.crf.8.3',
        'Does the system record and log changes to settings or configurations, including information on who made the changes and what was modified?',
        'Question for the CRF-8 Specification of the Client Registry',
        'testcase.status.active',
        2,
        true,
        null,
        'SINGLE_SELECT',
        'specification.cr.crf.8',
        'ivasiwala@argusoft.com',
        'ivasiwala@argusoft.com',
        Now(),
        Now(),
        1,
        0,
        0
    ),
    (
        'testcase.cr.crf.8.4',
        'Does the system log user activities, including login events, changes made, and system access, to keep track of user interactions within the system?',
        'Question for the CRF-8 Specification of the Client Registry',
        'testcase.status.active',
        3,
        true,
        null,
        'SINGLE_SELECT',
        'specification.cr.crf.8',
        'ivasiwala@argusoft.com',
        'ivasiwala@argusoft.com',
        Now(),
        Now(),
        1,
        0,
        0
    ),
    (
        'testcase.cr.crf.10.3',
        'Does the system retain and remember the birth order of children within a family, accurately recording which child was born first, second, third, and so on, for family records?',
        'Question for the CRF-10 Specification of the Client Registry',
        'testcase.status.active',
        1,
        true,
        null,
        'SINGLE_SELECT',
        'specification.cr.crf.10',
        'ivasiwala@argusoft.com',
        'ivasiwala@argusoft.com',
        Now(),
        Now(),
        1,
        0,
        0
    ),
    (
        'testcase.cr.crf.9.1',
        'As a user, does the system provide features for user management, allowing you to control access by deciding who can use the system, and manage users by creating, modifying, or deleting user accounts?',
        'Question for the CRF-9 Specification of the Client Registry',
        'testcase.status.active',
        1,
        true,
        null,
        'SINGLE_SELECT',
        'specification.cr.crf.9',
        'ivasiwala@argusoft.com',
        'ivasiwala@argusoft.com',
        Now(),
        Now(),
        1,
        0,
        0
    ),
    (
        'testcase.cr.crf.9.2',
        'In terms of access controls, can you, as a user, define what different users can and cannot do in the system? For instance, can you ensure that some users can only view information while others have the ability to make changes, thereby enhancing the security and privacy of sensitive data?',
        'Question for the CRF-9 Specification of the Client Registry',
        'testcase.status.active',
        2,
        true,
        null,
        'SINGLE_SELECT',
        'specification.cr.crf.9',
        'ivasiwala@argusoft.com',
        'ivasiwala@argusoft.com',
        Now(),
        Now(),
        1,
        0,
        0
    );

INSERT INTO
    testcase_option_aud (
        id,
        name,
        description,
        state,
        rank,
        is_success,
        testcase_id,
        created_by,
        updated_by,
        created_at,
        updated_at,
        rev,
        revtype,
        version
    )
VALUES
    (
        'testcase.cr.crf.1.1.option.1',
        'Yes, you can change these rules easily.',
        'Yes, you can change these rules easily.',
        'testcase.option.status.active',
        1,
        true,
        'testcase.cr.crf.1.1',
        'ivasiwala@argusoft.com',
        'ivasiwala@argusoft.com',
        Now(),
        Now(),
        1,
        0,
        0
    ),
    (
        'testcase.cr.crf.1.1.option.2',
        'No, you can''t customize the rules for record matching.',
        'No, you can''t customize the rules for record matching.',
        'testcase.option.status.active',
        2,
        false,
        'testcase.cr.crf.1.1',
        'ivasiwala@argusoft.com',
        'ivasiwala@argusoft.com',
        Now(),
        Now(),
        1,
        0,
        0
    ),
    (
       'testcase.cr.crf.1.1.option.3',
       'Second multi selection',
       'Second multi selection',
       'testcase.option.status.active',
       3,
       true,
       'testcase.cr.crf.1.1',
       'ivasiwala@argusoft.com',
       'ivasiwala@argusoft.com',
       Now(),
       Now(),
       1,
       0,
       0
    ),
    (
        'testcase.cr.crf.1.2.option.1',
        'Yes, the system facilitates grouping records by specified criteria before applying matching rules, such as grouping patients by Zip code.',
        'Yes, the system facilitates grouping records by specified criteria before applying matching rules, such as grouping patients by Zip code.',
        'testcase.option.status.active',
        1,
        true,
        'testcase.cr.crf.1.2',
        'ivasiwala@argusoft.com',
        'ivasiwala@argusoft.com',
        Now(),
        Now(),
        1,
        0,
        0
    ),
    (
        'testcase.cr.crf.1.2.option.2',
        'No, the system does not offer the capability to group records before applying matching rules; matching is performed without a predefined grouping strategy.',
        'No, the system does not offer the capability to group records before applying matching rules; matching is performed without a predefined grouping strategy.',
        'testcase.option.status.active',
        2,
        false,
        'testcase.cr.crf.1.2',
        'ivasiwala@argusoft.com',
        'ivasiwala@argusoft.com',
        Now(),
        Now(),
        1,
        0,
        0
    ),
    (
        'testcase.cr.crf.1.3.option.1',
        'Yes, you have the ability to define your own matching rules or strategies using the user interface.',
        'Yes, you have the ability to define your own matching rules or strategies using the user interface.',
        'testcase.option.status.active',
        1,
        true,
        'testcase.cr.crf.1.3',
        'ivasiwala@argusoft.com',
        'ivasiwala@argusoft.com',
        Now(),
        Now(),
        1,
        0,
        0
    ),
    (
        'testcase.cr.crf.1.3.option.2',
        'No, the system does not provide a user interface for creating personalized matching rules; customization is limited to predefined options.',
        'No, the system does not provide a user interface for creating personalized matching rules; customization is limited to predefined options.',
        'testcase.option.status.active',
        2,
        false,
        'testcase.cr.crf.1.3',
        'ivasiwala@argusoft.com',
        'ivasiwala@argusoft.com',
        Now(),
        Now(),
        1,
        0,
        0
    ),
    (
        'testcase.cr.crf.1.4.option.1',
        'Yes, the system comes with at least one default implementation of a matching rule or strategy.',
        'Yes, the system comes with at least one default implementation of a matching rule or strategy.',
        'testcase.option.status.active',
        1,
        true,
        'testcase.cr.crf.1.4',
        'ivasiwala@argusoft.com',
        'ivasiwala@argusoft.com',
        Now(),
        Now(),
        1,
        0,
        0
    ),
    (
        'testcase.cr.crf.1.4.option.2',
        'No, the system does not provide any default implementation of a matching rule or strategy in its interface.',
        'No, the system does not provide any default implementation of a matching rule or strategy in its interface.',
        'testcase.option.status.active',
        2,
        false,
        'testcase.cr.crf.1.4',
        'ivasiwala@argusoft.com',
        'ivasiwala@argusoft.com',
        Now(),
        Now(),
        1,
        0,
        0
    ),
    (
        'testcase.cr.crf.1.5.option.1',
        'Yes, the system is designed for non-programmers to make such adjustments easily.',
        'Yes, the system is designed for non-programmers to make such adjustments easily.',
        'testcase.option.status.active',
        1,
        true,
        'testcase.cr.crf.1.5',
        'ivasiwala@argusoft.com',
        'ivasiwala@argusoft.com',
        Now(),
        Now(),
        1,
        0,
        0
    ),
    (
        'testcase.cr.crf.1.5.option.2',
        'No, modifying the matching rule requires programming skills and is not user-friendly for non-programmers.',
        'No, modifying the matching rule requires programming skills and is not user-friendly for non-programmers.',
        'testcase.option.status.active',
        2,
        false,
        'testcase.cr.crf.1.5',
        'ivasiwala@argusoft.com',
        'ivasiwala@argusoft.com',
        Now(),
        Now(),
        1,
        0,
        0
    ),
    (
        'testcase.cr.crf.1.6.option.1',
        'Yes, the system stores its settings in a way that''s easy to find and change, like using a database, properties files, or XML files.',
        'Yes, the system stores its settings in a way that''s easy to find and change, like using a database, properties files, or XML files.',
        'testcase.option.status.active',
        1,
        true,
        'testcase.cr.crf.1.6',
        'ivasiwala@argusoft.com',
        'ivasiwala@argusoft.com',
        Now(),
        Now(),
        1,
        0,
        0
    ),
    (
        'testcase.cr.crf.1.6.option.2',
        'No, the system doesn''t store settings in a user-friendly place, making it hard to locate and modify them.',
        'No, the system doesn''t store settings in a user-friendly place, making it hard to locate and modify them.',
        'testcase.option.status.active',
        2,
        false,
        'testcase.cr.crf.1.6',
        'ivasiwala@argusoft.com',
        'ivasiwala@argusoft.com',
        Now(),
        Now(),
        1,
        0,
        0
    ),
    (
        'testcase.cr.crf.1.7.option.1',
        'Yes, the system guides you through a step-by-step or guided process for configuring matching rules.',
        'Yes, the system guides you through a step-by-step or guided process for configuring matching rules.',
        'testcase.option.status.active',
        1,
        true,
        'testcase.cr.crf.1.7',
        'ivasiwala@argusoft.com',
        'ivasiwala@argusoft.com',
        Now(),
        Now(),
        1,
        0,
        0
    ),
    (
        'testcase.cr.crf.1.7.option.2',
        'No, the system doesn''t provide step-by-step or guided setup; you configure matching rules without guided assistance.',
        'No, the system doesn''t provide step-by-step or guided setup; you configure matching rules without guided assistance.',
        'testcase.option.status.active',
        2,
        false,
        'testcase.cr.crf.1.7',
        'ivasiwala@argusoft.com',
        'ivasiwala@argusoft.com',
        Now(),
        Now(),
        1,
        0,
        0
    ),
    (
        'testcase.cr.crf.2.1.option.1',
        'Yes, the system successfully linked and de-duplicated patient records in the recent data migration, demonstrating accurate and efficient methods.',
        'Yes, the system successfully linked and de-duplicated patient records in the recent data migration, demonstrating accurate and efficient methods.',
        'testcase.option.status.active',
        1,
        true,
        'testcase.cr.crf.2.1',
        'ivasiwala@argusoft.com',
        'ivasiwala@argusoft.com',
        Now(),
        Now(),
        1,
        0,
        0
    ),
    (
        'testcase.cr.crf.2.1.option.2',
        'No, there hasn''t been a clear instance where the system demonstrated accurate and efficient patient linking and de-duplication methods.',
        'No, there hasn''t been a clear instance where the system demonstrated accurate and efficient patient linking and de-duplication methods.',
        'testcase.option.status.active',
        2,
        false,
        'testcase.cr.crf.2.1',
        'ivasiwala@argusoft.com',
        'ivasiwala@argusoft.com',
        Now(),
        Now(),
        1,
        0,
        0
    ),
    (
        'testcase.cr.crf.2.2.option.1',
        'Yes, I have successfully navigated the system to monitor merge/linkage operations, finding the display to be intuitive and user-friendly.',
        'Yes, I have successfully navigated the system to monitor merge/linkage operations, finding the display to be intuitive and user-friendly.',
        'testcase.option.status.active',
        1,
        true,
        'testcase.cr.crf.2.2',
        'ivasiwala@argusoft.com',
        'ivasiwala@argusoft.com',
        Now(),
        Now(),
        1,
        0,
        0
    ),
    (
        'testcase.cr.crf.2.2.option.2',
        'No, I encountered difficulties while trying to view merge/linkage operations, and the system interface was not intuitive.',
        'No, I encountered difficulties while trying to view merge/linkage operations, and the system interface was not intuitive.',
        'testcase.option.status.active',
        2,
        false,
        'testcase.cr.crf.2.2',
        'ivasiwala@argusoft.com',
        'ivasiwala@argusoft.com',
        Now(),
        Now(),
        1,
        0,
        0
    ),
    (
        'testcase.cr.crf.2.3.option.1',
        'Yes, I''ve used the system to manually accept or reject merge suggestions, and the process was straightforward. I could also choose specific fields from either record to be merged.',
        'Yes, I''ve used the system to manually accept or reject merge suggestions, and the process was straightforward. I could also choose specific fields from either record to be merged.',
        'testcase.option.status.active',
        1,
        true,
        'testcase.cr.crf.2.3',
        'ivasiwala@argusoft.com',
        'ivasiwala@argusoft.com',
        Now(),
        Now(),
        1,
        0,
        0
    ),
    (
        'testcase.cr.crf.2.3.option.2',
        'No, I haven''t encountered a situation where manual intervention was required, or if so, the process was not intuitive, and I couldn''t choose specific fields for merging.',
        'No, I haven''t encountered a situation where manual intervention was required, or if so, the process was not intuitive, and I couldn''t choose specific fields for merging.',
        'testcase.option.status.active',
        2,
        false,
        'testcase.cr.crf.2.3',
        'ivasiwala@argusoft.com',
        'ivasiwala@argusoft.com',
        Now(),
        Now(),
        1,
        0,
        0
    ),
    (
        'testcase.cr.crf.4.1.option.1',
        'Yes, the system ensures that patient IDs in the system are synchronized with those in the Shared Health Record (SHR).',
        'Yes, the system ensures that patient IDs in the system are synchronized with those in the Shared Health Record (SHR).',
        'testcase.option.status.active',
        1,
        true,
        'testcase.cr.crf.4.1',
        'ivasiwala@argusoft.com',
        'ivasiwala@argusoft.com',
        Now(),
        Now(),
        1,
        0,
        0
    ),
    (
        'testcase.cr.crf.4.1.option.2',
        'No, the system lacks the capability to synchronize patient IDs with a Shared Health Record (SHR).',
        'No, the system lacks the capability to synchronize patient IDs with a Shared Health Record (SHR).',
        'testcase.option.status.active',
        2,
        false,
        'testcase.cr.crf.4.1',
        'ivasiwala@argusoft.com',
        'ivasiwala@argusoft.com',
        Now(),
        Now(),
        1,
        0,
        0
    ),
    (
        'testcase.cr.crf.5.1.option.1',
        'Yes, the system offers a UI that allows me to review potential matches and make manual decisions about their validity.',
        'Yes, the system offers a UI that allows me to review potential matches and make manual decisions about their validity.',
        'testcase.option.status.active',
        1,
        true,
        'testcase.cr.crf.5.1',
        'ivasiwala@argusoft.com',
        'ivasiwala@argusoft.com',
        Now(),
        Now(),
        1,
        0,
        0
    ),
    (
        'testcase.cr.crf.5.1.option.2',
        'No, the system lacks a UI for reviewing potential matches, leaving uncertain matches unaddressed.',
        'No, the system lacks a UI for reviewing potential matches, leaving uncertain matches unaddressed.',
        'testcase.option.status.active',
        2,
        false,
        'testcase.cr.crf.5.1',
        'ivasiwala@argusoft.com',
        'ivasiwala@argusoft.com',
        Now(),
        Now(),
        1,
        0,
        0
    ),
    (
        'testcase.cr.crf.5.2.option.1',
        'Yes, I have used the system''s UI to override incorrect matches, correcting mistakes where the system inaccurately identified records as a match.',
        'Yes, I have used the system''s UI to override incorrect matches, correcting mistakes where the system inaccurately identified records as a match.',
        'testcase.option.status.active',
        1,
        true,
        'testcase.cr.crf.5.2',
        'ivasiwala@argusoft.com',
        'ivasiwala@argusoft.com',
        Now(),
        Now(),
        1,
        0,
        0
    ),
    (
        'testcase.cr.crf.5.2.option.2',
        'No, there is no functionality in the UI that allows me to correct mistakes and override matches that the system has identified as incorrect.',
        'No, there is no functionality in the UI that allows me to correct mistakes and override matches that the system has identified as incorrect.',
        'testcase.option.status.active',
        2,
        false,
        'testcase.cr.crf.5.2',
        'ivasiwala@argusoft.com',
        'ivasiwala@argusoft.com',
        Now(),
        Now(),
        1,
        0,
        0
    ),
    (
        'testcase.cr.crf.6.1.option.1',
        'Yes, the system allows the configuration of attributes for patient identification, enabling the selection of different information.',
        'Yes, the system allows the configuration of attributes for patient identification, enabling the selection of different information.',
        'testcase.option.status.active',
        1,
        true,
        'testcase.cr.crf.6.1',
        'ivasiwala@argusoft.com',
        'ivasiwala@argusoft.com',
        Now(),
        Now(),
        1,
        0,
        0
    ),
    (
        'testcase.cr.crf.6.1.option.2',
        'No, the system does not provide the flexibility to modify the attributes used for patient matching.',
        'No, the system does not provide the flexibility to modify the attributes used for patient matching.',
        'testcase.option.status.active',
        2,
        false,
        'testcase.cr.crf.6.1',
        'ivasiwala@argusoft.com',
        'ivasiwala@argusoft.com',
        Now(),
        Now(),
        1,
        0,
        0
    ),
    (
        'testcase.cr.crf.6.2.option.1',
        'Yes, the system provides a pre-defined example of a patient''s record, which can be modified if needed.',
        'Yes, the system provides a pre-defined example of a patient''s record, which can be modified if needed.',
        'testcase.option.status.active',
        1,
        true,
        'testcase.cr.crf.6.2',
        'ivasiwala@argusoft.com',
        'ivasiwala@argusoft.com',
        Now(),
        Now(),
        1,
        0,
        0
    ),
    (
        'testcase.cr.crf.6.2.option.2',
        'No, the system does not come with a pre-defined example of a patient''s record.',
        'No, the system does not come with a pre-defined example of a patient''s record.',
        'testcase.option.status.active',
        2,
        false,
        'testcase.cr.crf.6.2',
        'ivasiwala@argusoft.com',
        'ivasiwala@argusoft.com',
        Now(),
        Now(),
        1,
        0,
        0
    ),
    (
        'testcase.cr.crf.6.3.option.1',
        'Yes, the system facilitates the easy addition of new attributes to a patient''s record.',
        'Yes, the system facilitates the easy addition of new attributes to a patient''s record.',
        'testcase.option.status.active',
        1,
        true,
        'testcase.cr.crf.6.3',
        'ivasiwala@argusoft.com',
        'ivasiwala@argusoft.com',
        Now(),
        Now(),
        1,
        0,
        0
    ),
    (
        'testcase.cr.crf.6.3.option.2',
        'No, adding new attributes to a patient''s record is not a straightforward process in the system.',
        'No, adding new attributes to a patient''s record is not a straightforward process in the system.',
        'testcase.option.status.active',
        2,
        false,
        'testcase.cr.crf.6.3',
        'ivasiwala@argusoft.com',
        'ivasiwala@argusoft.com',
        Now(),
        Now(),
        1,
        0,
        0
    ),
    (
        'testcase.cr.crf.6.4.option.1',
        'Yes, the system makes it easy to remove the default setup and create a customized patient record model.',
        'Yes, the system makes it easy to remove the default setup and create a customized patient record model.',
        'testcase.option.status.active',
        1,
        true,
        'testcase.cr.crf.6.4',
        'ivasiwala@argusoft.com',
        'ivasiwala@argusoft.com',
        Now(),
        Now(),
        1,
        0,
        0
    ),
    (
        'testcase.cr.crf.6.4.option.2',
        'No, the system doesn''t provide an easy process to remove the default setup and create a new patient record model.',
        'No, the system doesn''t provide an easy process to remove the default setup and create a new patient record model.',
        'testcase.option.status.active',
        2,
        false,
        'testcase.cr.crf.6.4',
        'ivasiwala@argusoft.com',
        'ivasiwala@argusoft.com',
        Now(),
        Now(),
        1,
        0,
        0
    ),
    (
        'testcase.cr.crf.9.1.option.1',
        'Yes, the system includes user management features, enabling control over user access and account management.',
        'Yes, the system includes user management features, enabling control over user access and account management.',
        'testcase.option.status.active',
        1,
        true,
        'testcase.cr.crf.9.1',
        'ivasiwala@argusoft.com',
        'ivasiwala@argusoft.com',
        Now(),
        Now(),
        1,
        0,
        0
    ),
    (
        'testcase.cr.crf.9.1.option.2',
        'No, the system lacks user management features, limiting control over user access and account administration.',
        'No, the system lacks user management features, limiting control over user access and account administration.',
        'testcase.option.status.active',
        2,
        false,
        'testcase.cr.crf.9.1',
        'ivasiwala@argusoft.com',
        'ivasiwala@argusoft.com',
        Now(),
        Now(),
        1,
        0,
        0
    ),
    (
        'testcase.cr.crf.9.2.option.1',
        'Yes, the system allows for access controls, enabling users to define permissions based on their roles and responsibilities.',
        'Yes, the system allows for access controls, enabling users to define permissions based on their roles and responsibilities.',
        'testcase.option.status.active',
        1,
        true,
        'testcase.cr.crf.9.2',
        'ivasiwala@argusoft.com',
        'ivasiwala@argusoft.com',
        Now(),
        Now(),
        1,
        0,
        0
    ),
    (
        'testcase.cr.crf.9.2.option.2',
        'No, the system does not support access controls, limiting the ability to define user permissions and access levels.',
        'No, the system does not support access controls, limiting the ability to define user permissions and access levels.',
        'testcase.option.status.active',
        2,
        false,
        'testcase.cr.crf.9.2',
        'ivasiwala@argusoft.com',
        'ivasiwala@argusoft.com',
        Now(),
        Now(),
        1,
        0,
        0
    ),
    (
        'testcase.cr.crf.8.2.option.1',
        'Yes, the system records and logs changes to settings or configurations, providing information on who made the changes and what was modified.',
        'Yes, the system records and logs changes to settings or configurations, providing information on who made the changes and what was modified.',
        'testcase.option.status.active',
        1,
        true,
        'testcase.cr.crf.8.2',
        'ivasiwala@argusoft.com',
        'ivasiwala@argusoft.com',
        Now(),
        Now(),
        1,
        0,
        0
    ),
    (
        'testcase.cr.crf.8.2.option.2',
        'No, the system does not record or log changes to settings or configurations, and does not provide information on who made the changes and what was modified.',
        'No, the system does not record or log changes to settings or configurations, and does not provide information on who made the changes and what was modified.',
        'testcase.option.status.active',
        2,
        false,
        'testcase.cr.crf.8.2',
        'ivasiwala@argusoft.com',
        'ivasiwala@argusoft.com',
        Now(),
        Now(),
        1,
        0,
        0
    ),
    (
        'testcase.cr.crf.8.3.option.1',
        'Yes, the system logs user activities such as login events, changes made, and system access to maintain a record of user interactions.',
        'Yes, the system logs user activities such as login events, changes made, and system access to maintain a record of user interactions.',
        'testcase.option.status.active',
        1,
        true,
        'testcase.cr.crf.8.3',
        'ivasiwala@argusoft.com',
        'ivasiwala@argusoft.com',
        Now(),
        Now(),
        1,
        0,
        0
    ),
    (
        'testcase.cr.crf.8.3.option.2',
        'No, the system does not log user activities, including login events, changes made, or system access, and does not maintain a record of user interactions.',
        'No, the system does not log user activities, including login events, changes made, or system access, and does not maintain a record of user interactions.',
        'testcase.option.status.active',
        2,
        false,
        'testcase.cr.crf.8.3',
        'ivasiwala@argusoft.com',
        'ivasiwala@argusoft.com',
        Now(),
        Now(),
        1,
        0,
        0
    ),
    (
        'testcase.cr.crf.10.3.option.1',
        'Yes, the system accurately retains and remembers the birth order of children within a family, recording the sequence in which they were born for family records.',
        'Yes, the system accurately retains and remembers the birth order of children within a family, recording the sequence in which they were born for family records.',
        'testcase.option.status.active',
        1,
        true,
        'testcase.cr.crf.10.3',
        'ivasiwala@argusoft.com',
        'ivasiwala@argusoft.com',
        Now(),
        Now(),
        1,
        0,
        0
    ),
    (
        'testcase.cr.crf.10.3.option.2',
        'No, the system does not retain or remember the birth order of children within a family, and does not record the sequence in which they were born for family records.',
        'No, the system does not retain or remember the birth order of children within a family, and does not record the sequence in which they were born for family records.',
        'testcase.option.status.active',
        2,
        false,
        'testcase.cr.crf.10.3',
        'ivasiwala@argusoft.com',
        'ivasiwala@argusoft.com',
        Now(),
        Now(),
        1,
        0,
        0
    );