--create HMIS manual testcases audit.
--
--@author dhruv
--@since 2023-09-13

INSERT INTO specification_aud (id,
                               name,
                               description,
                               state,
                               rank,
                               is_functional,
                               is_required,
                               component_id,
                               created_by,
                               updated_by,
                               created_at,
                               updated_at,
                               version,
                               rev,
                               revtype)
VALUES ('specification.hmis.hmisf.2',
        'HMISF-2',
        'HMISF-2 Specification of the Health Management Information System (https://guides.ohie.org/arch-spec/openhie-component-specifications-1/openhie-health-management-information-system-hmis)',
        'specification.status.active',
        3,
        true,
        false,
        'component.health.management.information.system',
        'SYSTEM_USER',
        'SYSTEM_USER',
        Now(),
        Now(),
        0,
        1,
        0),
       ('specification.hmis.hmisf.3',
        'HMISF-3',
        'HMISF-3 Specification of the Health Management Information System (https://guides.ohie.org/arch-spec/openhie-component-specifications-1/openhie-health-management-information-system-hmis)',
        'specification.status.active',
        4,
        true,
        false,
        'component.health.management.information.system',
        'SYSTEM_USER',
        'SYSTEM_USER',
        Now(),
        Now(),
        0,
        1,
        0),
       ('specification.hmis.hmisf.4',
        'HMISF-4',
        'HMISF-4 Specification of the Health Management Information System (https://guides.ohie.org/arch-spec/openhie-component-specifications-1/openhie-health-management-information-system-hmis)',
        'specification.status.active',
        5,
        true,
        false,
        'component.health.management.information.system',
        'SYSTEM_USER',
        'SYSTEM_USER',
        Now(),
        Now(),
        0,
        1,
        0),
       ('specification.hmis.hmisf.5',
        'HMISF-5',
        'HMISF-5 Specification of the Health Management Information System (https://guides.ohie.org/arch-spec/openhie-component-specifications-1/openhie-health-management-information-system-hmis)',
        'specification.status.active',
        6,
        true,
        false,
        'component.health.management.information.system',
        'SYSTEM_USER',
        'SYSTEM_USER',
        Now(),
        Now(),
        0,
        1,
        0),
       ('specification.hmis.hmisf.6',
        'HMISF-6',
        'HMISF-6 Specification of the Health Management Information System (https://guides.ohie.org/arch-spec/openhie-component-specifications-1/openhie-health-management-information-system-hmis)',
        'specification.status.active',
        7,
        true,
        false,
        'component.health.management.information.system',
        'SYSTEM_USER',
        'SYSTEM_USER',
        Now(),
        Now(),
        0,
        1,
        0),
       ('specification.hmis.hmisf.7',
        'HMISF-7',
        'HMISF-7 Specification of the Health Management Information System (https://guides.ohie.org/arch-spec/openhie-component-specifications-1/openhie-health-management-information-system-hmis)',
        'specification.status.active',
        8,
        true,
        false,
        'component.health.management.information.system',
        'SYSTEM_USER',
        'SYSTEM_USER',
        Now(),
        Now(),
        0,
        1,
        0);

INSERT INTO testcase_aud (id,
                          name,
                          description,
                          state,
                          rank,
                          is_manual,
                          bean_name,
                          question_type,
                          failure_message,
                          specification_id,
                          created_by,
                          updated_by,
                          created_at,
                          updated_at,
                          version,
                          rev,
                          revtype)
VALUES ('testcase.hmis.hmisf.2.1',
        'Can you see an interface that allows you to add patient information in the HMIS?',
        'Instructions to be added',
        'testcase.status.active',
        1,
        true,
        null,
        'SINGLE_SELECT',
        'The system should provide mechanisms for data entry to meet this specification.',
        'specification.hmis.hmisf.2',
        'SYSTEM_USER',
        'SYSTEM_USER',
        Now(),
        Now(),
        0,
        1,
        0),
       ('testcase.hmis.hmisf.3.1',
        '"When you''re entering data, does the system tell you if something''s wrong? For example, if you don''t put enough numbers in the phone number field, does it show a message saying it''s not right?',
        'Instructions to be added',
        'testcase.status.active',
        1,
        true,
        null,
        'SINGLE_SELECT',
        'The system should provide mechanisms to improve the quality and validity of data (smart forms, validation rules, etc.) to meet this specification.',
        'specification.hmis.hmisf.3',
        'SYSTEM_USER',
        'SYSTEM_USER',
        Now(),
        Now(),
        0,
        1,
        0),
       ('testcase.hmis.hmisf.3.2',
        '"Are there little info buttons next to questions that give you extra details when you hover over them?',
        'Instructions to be added',
        'testcase.status.active',
        2,
        true,
        null,
        'SINGLE_SELECT',
        'The system should provide mechanisms to improve the quality and validity of data (smart forms, validation rules, etc.) to meet this specification.',
        'specification.hmis.hmisf.3',
        'SYSTEM_USER',
        'SYSTEM_USER',
        Now(),
        Now(),
        0,
        1,
        0),
       ('testcase.hmis.hmisf.3.3',
        '"Does the system only ask you questions that make sense based on what you''ve already told it? Like, if someone''s under 18, does it skip questions that are for adults?',
        'Instructions to be added',
        'testcase.status.active',
        3,
        true,
        null,
        'SINGLE_SELECT',
        'The system should provide mechanisms to improve the quality and validity of data (smart forms, validation rules, etc.) to meet this specification.',
        'specification.hmis.hmisf.3',
        'SYSTEM_USER',
        'SYSTEM_USER',
        Now(),
        Now(),
        0,
        1,
        0),
       ('testcase.hmis.hmisf.3.4',
        'Does the system allow user to submit an empty form?',
        'Instructions to be added',
        'testcase.status.active',
        4,
        true,
        null,
        'SINGLE_SELECT',
        'The system should provide mechanisms to improve the quality and validity of data (smart forms, validation rules, etc.) to meet this specification.',
        'specification.hmis.hmisf.3',
        'SYSTEM_USER',
        'SYSTEM_USER',
        Now(),
        Now(),
        0,
        1,
        0),
       ('testcase.hmis.hmisf.4.1',
        'In HMIS, is there any interface in the system that allows you to import data from other systems (e.g., ADX, FHIR)?',
        'Instructions to be added',
        'testcase.status.active',
        1,
        true,
        null,
        'SINGLE_SELECT',
        'The system should provide standard interfaces for the importing of data from other systems (e.g., ADX, FHIR) to meet this specification.',
        'specification.hmis.hmisf.4',
        'SYSTEM_USER',
        'SYSTEM_USER',
        Now(),
        Now(),
        0,
        1,
        0),
       ('testcase.hmis.hmisf.5.1',
        'Does the system give correct details about hospitals and clinics, showing where they are on a map and telling about their administrative distribution like national or state level?',
        'Instructions to be added',
        'testcase.status.active',
        1,
        true,
        null,
        'SINGLE_SELECT',
        'Ths system should provide accurate list of health facilities and their geographic and administrative distribution to meet this specification.',
        'specification.hmis.hmisf.5',
        'SYSTEM_USER',
        'SYSTEM_USER',
        Now(),
        Now(),
        0,
        1,
        0),
       ('testcase.hmis.hmisf.5.2',
        'Does the system accurately show hospital and clinic locations on the map?',
        'Instructions to be added',
        'testcase.status.active',
        1,
        true,
        null,
        'SINGLE_SELECT',
        'Ths system should provide accurate list of health facilities and their geographic and administrative distribution to meet this specification.',
        'specification.hmis.hmisf.5',
        'SYSTEM_USER',
        'SYSTEM_USER',
        Now(),
        Now(),
        0,
        1,
        0),
       ('testcase.hmis.hmisf.5.3',
        'Does the system provide information about the administrative level of hospitals and clinics, like whether they''re at the national or state level?',
        'Instructions to be added',
        'testcase.status.active',
        1,
        true,
        null,
        'SINGLE_SELECT',
        'Ths system should provide accurate list of health facilities and their geographic and administrative distribution to meet this specification.',
        'specification.hmis.hmisf.5',
        'SYSTEM_USER',
        'SYSTEM_USER',
        Now(),
        Now(),
        0,
        1,
        0),
       ('testcase.hmis.hmisf.6.1',
        'Can you see an interface in HMIS that allows you to share health facility details with other systems, like a facility registry?',
        'Instructions to be added',
        'testcase.status.active',
        1,
        true,
        null,
        'SINGLE_SELECT',
        'The system should provide interfaces for sharing health facility information with other systems to meet this specification.',
        'specification.hmis.hmisf.6',
        'SYSTEM_USER',
        'SYSTEM_USER',
        Now(),
        Now(),
        0,
        1,
        0),
       ('testcase.hmis.hmisf.7.1',
        'Is there an interface in the system that allows you to analyze the data. For instance, can the system automatically create an annual healthcare report by combining monthly data from different regions?',
        'Instructions to be added',
        'testcase.status.active',
        1,
        true,
        null,
        'SINGLE_SELECT',
        'The system should support aggregation and querying on data across different dimensions and support customization on graphic visualizations to meet this specification.',
        'specification.hmis.hmisf.7',
        'SYSTEM_USER',
        'SYSTEM_USER',
        Now(),
        Now(),
        0,
        1,
        0),
       ('testcase.hmis.hmisf.7.2',
        'Can you search for health data in the system based on dimensions like location or time?',
        'Instructions to be added',
        'testcase.status.active',
        2,
        true,
        null,
        'SINGLE_SELECT',
        'The system should support aggregation and querying on data across different dimensions and support customization on graphic visualizations to meet this specification.',
        'specification.hmis.hmisf.7',
        'SYSTEM_USER',
        'SYSTEM_USER',
        Now(),
        Now(),
        0,
        1,
        0),
       ('testcase.hmis.hmisf.7.3',
        'Can you change how the data is shown in graphs and charts? For example, can you customize a graph that shows new health facilities created by time such that it shows this visualization for a certain period only like last 5 years.',
        'Instructions to be added',
        'testcase.status.active',
        3,
        true,
        null,
        'SINGLE_SELECT',
        'The system should support aggregation and querying on data across different dimensions and support customization on graphic visualizations to meet this specification.',
        'specification.hmis.hmisf.7',
        'SYSTEM_USER',
        'SYSTEM_USER',
        Now(),
        Now(),
        0,
        1,
        0);

INSERT INTO testcase_option_aud (id,
                                 name,
                                 description,
                                 state,
                                 rank,
                                 is_success,
                                 testcase_id,
                                 created_by,
                                 updated_by,
                                 created_at,
                                 updated_at,
                                 version,
                                 rev,
                                 revtype)
VALUES ('testcase.hmis.hmisf.2.1.option.1',
        'Yes, there''s a spot to enter patient info.',
        'Criteria to be added',
        'testcase.option.status.active',
        1,
        true,
        'testcase.hmis.hmisf.2.1',
        'SYSTEM_USER',
        'SYSTEM_USER',
        Now(),
        Now(),
        0,
        1,
        0),
       ('testcase.hmis.hmisf.2.1.option.2',
        'No, there''s no place to enter patient details.',
        'Criteria to be added',
        'testcase.option.status.active',
        2,
        false,
        'testcase.hmis.hmisf.2.1',
        'SYSTEM_USER',
        'SYSTEM_USER',
        Now(),
        Now(),
        0,
        1,
        0),
       ('testcase.hmis.hmisf.3.1.option.1',
        'Yes, it shows a message when there''s a mistake.',
        'Criteria to be added',
        'testcase.option.status.active',
        1,
        true,
        'testcase.hmis.hmisf.3.1',
        'SYSTEM_USER',
        'SYSTEM_USER',
        Now(),
        Now(),
        0,
        1,
        0),
       ('testcase.hmis.hmisf.3.1.option.2',
        'No, it doesn''t show a message for mistakes.',
        'Criteria to be added',
        'testcase.option.status.active',
        2,
        false,
        'testcase.hmis.hmisf.3.1',
        'SYSTEM_USER',
        'SYSTEM_USER',
        Now(),
        Now(),
        0,
        1,
        0),
       ('testcase.hmis.hmisf.3.2.option.1',
        'Yes, there are info buttons (tooltips).',
        'Criteria to be added',
        'testcase.option.status.active',
        1,
        true,
        'testcase.hmis.hmisf.3.2',
        'SYSTEM_USER',
        'SYSTEM_USER',
        Now(),
        Now(),
        0,
        1,
        0),
       ('testcase.hmis.hmisf.3.2.option.2',
        'No, there aren''t any info buttons.',
        'Criteria to be added',
        'testcase.option.status.active',
        2,
        false,
        'testcase.hmis.hmisf.3.2',
        'SYSTEM_USER',
        'SYSTEM_USER',
        Now(),
        Now(),
        0,
        1,
        0),
       ('testcase.hmis.hmisf.3.3.option.1',
        'Yes, it skips irrelevant questions.',
        'Criteria to be added',
        'testcase.option.status.active',
        1,
        true,
        'testcase.hmis.hmisf.3.3',
        'SYSTEM_USER',
        'SYSTEM_USER',
        Now(),
        Now(),
        0,
        1,
        0),
       ('testcase.hmis.hmisf.3.3.option.2',
        'No, it asks all questions regardless of relevance.',
        'Criteria to be added',
        'testcase.option.status.active',
        2,
        false,
        'testcase.hmis.hmisf.3.3',
        'SYSTEM_USER',
        'SYSTEM_USER',
        Now(),
        Now(),
        0,
        1,
        0),
       ('testcase.hmis.hmisf.3.4.option.1',
        'Yes, the system allows',
        'Criteria to be added',
        'testcase.option.status.active',
        1,
        true,
        'testcase.hmis.hmisf.3.4',
        'SYSTEM_USER',
        'SYSTEM_USER',
        Now(),
        Now(),
        0,
        1,
        0),
       ('testcase.hmis.hmisf.3.4.option.2',
        'No, the system dosen''t allow to enter an empty form.',
        'Criteria to be added',
        'testcase.option.status.active',
        2,
        false,
        'testcase.hmis.hmisf.3.4',
        'SYSTEM_USER',
        'SYSTEM_USER',
        Now(),
        Now(),
        0,
        1,
        0),
       ('testcase.hmis.hmisf.4.1.option.1',
        'Yes, there is an interface to import data from other systems',
        'Criteria to be added',
        'testcase.option.status.active',
        1,
        true,
        'testcase.hmis.hmisf.4.1',
        'SYSTEM_USER',
        'SYSTEM_USER',
        Now(),
        Now(),
        0,
        1,
        0),
       ('testcase.hmis.hmisf.4.1.option.2',
        'No, there is no interface to import data from other systems',
        'Criteria to be added',
        'testcase.option.status.active',
        2,
        false,
        'testcase.hmis.hmisf.4.1',
        'SYSTEM_USER',
        'SYSTEM_USER',
        Now(),
        Now(),
        0,
        1,
        0),
       ('testcase.hmis.hmisf.5.1.option.1',
        'Yes, the system shows accurate list of health facilities',
        'Criteria to be added',
        'testcase.option.status.active',
        1,
        true,
        'testcase.hmis.hmisf.5.1',
        'SYSTEM_USER',
        'SYSTEM_USER',
        Now(),
        Now(),
        0,
        1,
        0),
       ('testcase.hmis.hmisf.5.1.option.2',
        'No, the system doesn''t show accurate list of health facilities',
        'Criteria to be added',
        'testcase.option.status.active',
        2,
        false,
        'testcase.hmis.hmisf.5.1',
        'SYSTEM_USER',
        'SYSTEM_USER',
        Now(),
        Now(),
        0,
        1,
        0),
       ('testcase.hmis.hmisf.5.2.option.1',
        'Yes, the system shows correct map locations.',
        'Criteria to be added',
        'testcase.option.status.active',
        1,
        true,
        'testcase.hmis.hmisf.5.2',
        'SYSTEM_USER',
        'SYSTEM_USER',
        Now(),
        Now(),
        0,
        1,
        0),
       ('testcase.hmis.hmisf.5.2.option.2',
        'No, the system doesn''t show correct map locations.',
        'Criteria to be added',
        'testcase.option.status.active',
        2,
        false,
        'testcase.hmis.hmisf.5.2',
        'SYSTEM_USER',
        'SYSTEM_USER',
        Now(),
        Now(),
        0,
        1,
        0),
       ('testcase.hmis.hmisf.5.3.option.1',
        'Yes, the system explains administrative levels.',
        'Criteria to be added',
        'testcase.option.status.active',
        1,
        true,
        'testcase.hmis.hmisf.5.3',
        'SYSTEM_USER',
        'SYSTEM_USER',
        Now(),
        Now(),
        0,
        1,
        0),
       ('testcase.hmis.hmisf.5.3.option.2',
        'No, the system doesn''t explain administrative levels.',
        'Criteria to be added',
        'testcase.option.status.active',
        2,
        false,
        'testcase.hmis.hmisf.5.3',
        'SYSTEM_USER',
        'SYSTEM_USER',
        Now(),
        Now(),
        0,
        1,
        0),
       ('testcase.hmis.hmisf.6.1.option.1',
        'Yes, the HMIS lets you share health facility information with other systems.',
        'Criteria to be added',
        'testcase.option.status.active',
        1,
        true,
        'testcase.hmis.hmisf.6.1',
        'SYSTEM_USER',
        'SYSTEM_USER',
        Now(),
        Now(),
        0,
        1,
        0),
       ('testcase.hmis.hmisf.6.1.option.2',
        'No, the HMIS doesn''t let you share health facility information with other systems.',
        'Criteria to be added',
        'testcase.option.status.active',
        2,
        false,
        'testcase.hmis.hmisf.6.1',
        'SYSTEM_USER',
        'SYSTEM_USER',
        Now(),
        Now(),
        0,
        1,
        0),
       ('testcase.hmis.hmisf.7.1.option.1',
        'Yes, the system allows to analyze the data',
        'Criteria to be added',
        'testcase.option.status.active',
        1,
        true,
        'testcase.hmis.hmisf.7.1',
        'SYSTEM_USER',
        'SYSTEM_USER',
        Now(),
        Now(),
        0,
        1,
        0),
       ('testcase.hmis.hmisf.7.1.option.2',
        'No, the system doesn''t allow to analyze the data',
        'Criteria to be added',
        'testcase.option.status.active',
        2,
        false,
        'testcase.hmis.hmisf.7.1',
        'SYSTEM_USER',
        'SYSTEM_USER',
        Now(),
        Now(),
        0,
        1,
        0),
       ('testcase.hmis.hmisf.7.2.option.1',
        'Yes, you can search health data by location, time, and more.',
        'Criteria to be added',
        'testcase.option.status.active',
        1,
        true,
        'testcase.hmis.hmisf.7.2',
        'SYSTEM_USER',
        'SYSTEM_USER',
        Now(),
        Now(),
        0,
        1,
        0),
       ('testcase.hmis.hmisf.7.2.option.2',
        'No, you can''t search health data like that.',
        'Criteria to be added',
        'testcase.option.status.active',
        2,
        false,
        'testcase.hmis.hmisf.7.2',
        'SYSTEM_USER',
        'SYSTEM_USER',
        Now(),
        Now(),
        0,
        1,
        0),
       ('testcase.hmis.hmisf.7.3.option.1',
        'Yes, you can customize graphs and charts.',
        'Criteria to be added',
        'testcase.option.status.active',
        1,
        true,
        'testcase.hmis.hmisf.7.3',
        'SYSTEM_USER',
        'SYSTEM_USER',
        Now(),
        Now(),
        0,
        1,
        0),
       ('testcase.hmis.hmisf.7.3.option.2',
        'No, you can''t customize the way data is shown.',
        'Criteria to be added',
        'testcase.option.status.active',
        2,
        false,
        'testcase.hmis.hmisf.7.3',
        'SYSTEM_USER',
        'SYSTEM_USER',
        Now(),
        Now(),
        0,
        1,
        0);