
INSERT INTO specification (id,
                           name,
                           description,
                           state,
                           rank,
                           is_functional,
                           is_required,
                           component_id,
                           created_by,
                           updated_by,
                           created_at,
                           updated_at,
                           version)
VALUES ('specification.iol.iolf.1',
        'IOLF-1',
        'IOLF-1 Specification of the Client Registry Component (https://guides.ohie.org/arch-spec/openhie-component-specifications-1/client-registry)',
        'specification.status.active',
        2,
        true,
        false,
        'component.interoperability.layer',
        'SYSTEM_USER',
        'SYSTEM_USER',
        Now(),
        Now(),
        0),
       ('specification.iol.iolf.2',
        'IOLF-2',
        'IOLF-2 Specification of the Client Registry Component (https://guides.ohie.org/arch-spec/openhie-component-specifications-1/client-registry)',
        'specification.status.active',
        3,
        true,
        true,
        'component.interoperability.layer',
        'SYSTEM_USER',
        'SYSTEM_USER',
        Now(),
        Now(),
        0),
       ('specification.iol.iolf.3',
        'IOLF-3',
        'IOLF-3 Specification of the Client Registry Component (https://guides.ohie.org/arch-spec/openhie-component-specifications-1/client-registry)',
        'specification.status.active',
        4,
        true,
        true,
        'component.interoperability.layer',
        'SYSTEM_USER',
        'SYSTEM_USER',
        Now(),
        Now(),
        0),
       ('specification.iol.iolf.4',
        'IOLF-4',
        'IOLF-4 Specification of the Client Registry Component (https://guides.ohie.org/arch-spec/openhie-component-specifications-1/client-registry)',
        'specification.status.active',
        5,
        true,
        false,
        'component.interoperability.layer',
        'SYSTEM_USER',
        'SYSTEM_USER',
        Now(),
        Now(),
        0),
       ('specification.iol.iolf.5',
        'IOLF-5',
        'IOLF-5 Specification of the Client Registry Component (https://guides.ohie.org/arch-spec/openhie-component-specifications-1/client-registry)',
        'specification.status.active',
        6,
        true,
        false,
        'component.interoperability.layer',
        'SYSTEM_USER',
        'SYSTEM_USER',
        Now(),
        Now(),
        0),
       ('specification.iol.iolf.6',
        'IOLF-6',
        'IOLF-6 Specification of the Client Registry Component (https://guides.ohie.org/arch-spec/openhie-component-specifications-1/client-registry)',
        'specification.status.active',
        7,
        true,
        false,
        'component.interoperability.layer',
        'SYSTEM_USER',
        'SYSTEM_USER',
        Now(),
        Now(),
        0),
       ('specification.iol.iolf.7',
        'IOLF-7',
        'IOLF-7 Specification of the Client Registry Component (https://guides.ohie.org/arch-spec/openhie-component-specifications-1/client-registry)',
        'specification.status.active',
        8,
        true,
        true,
        'component.interoperability.layer',
        'SYSTEM_USER',
        'SYSTEM_USER',
        Now(),
        Now(),
        0),
       ('specification.iol.iolf.8',
        'IOLF-7',
        'IOLF-7 Specification of the Client Registry Component (https://guides.ohie.org/arch-spec/openhie-component-specifications-1/client-registry)',
        'specification.status.active',
        9,
        true,
        false,
        'component.interoperability.layer',
        'SYSTEM_USER',
        'SYSTEM_USER',
        Now(),
        Now(),
        0),
       ('specification.iol.iolf.9',
        'IOLF-9',
        'IOLF-9 Specification of the Client Registry Component (https://guides.ohie.org/arch-spec/openhie-component-specifications-1/client-registry)',
        'specification.status.active',
        10,
        true,
        true,
        'component.interoperability.layer',
        'SYSTEM_USER',
        'SYSTEM_USER',
        Now(),
        Now(),
        0),
       ('specification.iol.iolf.10',
        'IOLF-10',
        'IOLF-10 Specification of the Client Registry Component (https://guides.ohie.org/arch-spec/openhie-component-specifications-1/client-registry)',
        'specification.status.active',
        11,
        true,
        true,
        'component.interoperability.layer',
        'SYSTEM_USER',
        'SYSTEM_USER',
        Now(),
        Now(),
        0),
       ('specification.iol.iolf.11',
        'IOLF-11',
        'IOLF-11 Specification of the Client Registry Component (https://guides.ohie.org/arch-spec/openhie-component-specifications-1/client-registry)',
        'specification.status.active',
        12,
        true,
        false,
        'component.interoperability.layer',
        'SYSTEM_USER',
        'SYSTEM_USER',
        Now(),
        Now(),
        0),
       ('specification.iol.iolf.12',
        'IOLF-12',
        'IOLF-12 Specification of the Client Registry Component (https://guides.ohie.org/arch-spec/openhie-component-specifications-1/client-registry)',
        'specification.status.active',
        13,
        true,
        true,
        'component.interoperability.layer',
        'SYSTEM_USER',
        'SYSTEM_USER',
        Now(),
        Now(),
        0),
       ('specification.iol.iolf.13',
        'IOLF-13',
        'IOLF-13 Specification of the Client Registry Component (https://guides.ohie.org/arch-spec/openhie-component-specifications-1/client-registry)',
        'specification.status.active',
        14,
        true,
        true,
        'component.interoperability.layer',
        'SYSTEM_USER',
        'SYSTEM_USER',
        Now(),
        Now(),
        0),
       ('specification.iol.iolf.14',
        'IOLF-14',
        'IOLF-14 Specification of the Client Registry Component (https://guides.ohie.org/arch-spec/openhie-component-specifications-1/client-registry)',
        'specification.status.active',
        15,
        true,
        true,
        'component.interoperability.layer',
        'SYSTEM_USER',
        'SYSTEM_USER',
        Now(),
        Now(),
        0),
       ('specification.iol.iolf.15',
        'IOLF-15',
        'IOLF-15 Specification of the Client Registry Component (https://guides.ohie.org/arch-spec/openhie-component-specifications-1/client-registry)',
        'specification.status.active',
        16,
        true,
        false,
        'component.interoperability.layer',
        'SYSTEM_USER',
        'SYSTEM_USER',
        Now(),
        Now(),
        0),
       ('specification.iol.iolf.16',
        'IOLF-16',
        'IOLF-16 Specification of the Client Registry Component (https://guides.ohie.org/arch-spec/openhie-component-specifications-1/client-registry)',
        'specification.status.active',
        17,
        true,
        false,
        'component.interoperability.layer',
        'SYSTEM_USER',
        'SYSTEM_USER',
        Now(),
        Now(),
        0);




INSERT INTO testcase (id,
                      name,
                      description,
                      state,
                      rank,
                      is_manual,
                      bean_name,
                      question_type,
                      failure_message,
                      specification_id,
                      created_by,
                      updated_by,
                      created_at,
                      updated_at,
                      version)
VALUES ('testcase.iol.iolf.1.1',
        'Are you able to find an interface in the system that provides a central point of access for the services of the HIE? For example, this interface will provide access to the CR, PR, FR and SHR. This central point of access simplifies security management and provides a single entry point into the HIE.',
        'Instructions to be added',
        'testcase.status.active',
        1,
        true,
        null,
        'SINGLE_SELECT',
        'The system should provide a central point of access for the services such as CR, FR, SHR of the HIE to meet this specification.',
        'specification.iol.iolf.1',
        'SYSTEM_USER',
        'SYSTEM_USER',
        Now(),
        Now(),
        0),
       ('testcase.iol.iolf.2.1',
        'Does the system have a routing function to ensure messages are sent to the correct service providers within the HIE? For eg: When a patient comes to emergency room, the health care provider needs to access their medical records from different service providers within the HIE. The HIE has a routing function that ensures that when you request this patient''s information, your request is directed to the right service provider.- If you need the latest lab test results, the routing function ensures your request goes to the lab''s system.- If you require the patient''s prescription history, the routing function directs your request to the pharmacy''s system.',
        'Instructions to be added',
        'testcase.status.active',
        1,
        true,
        null,
        'SINGLE_SELECT',
        'The system should allow messages to be routed to the correct service provider systems within the HIE to meet this specification.',
        'specification.iol.iolf.2',
        'SYSTEM_USER',
        'SYSTEM_USER',
        Now(),
        Now(),
        0),
       ('testcase.iol.iolf.3.1',
        'Does the system have a central logging mechanism for messages sent through the exchange, logging copies of messages for audit and reporting purposes?',
        'Instructions to be added',
        'testcase.status.active',
        1,
        true,
        null,
        'SINGLE_SELECT',
        'The system should provide a central logging mechanism that logs messages that travel through the interoperability layer for audit and reporting purposes to meet this specification.',
        'specification.iol.iolf.3',
        'SYSTEM_USER',
        'SYSTEM_USER',
        Now(),
        Now(),
        0),
        ('testcase.iol.iolf.4.1',
        'Are you able to find an interface that allows to re-run all failed transactions from one place? For eg: a healthcare provider enters the patient information into the system and while clicking the save button, there was some internet issue that results into creation being incomplete or lost. This requirement allows to retry such failed transations at central level so the healthcare provider doesn''t have to re-enter all the information again. This central location can be a component or dashboard from where user can take charge of retrying all the failed transactions of different services.',
        'Instructions to be added',
        'testcase.status.active',
        1,
        true,
        null,
        'SINGLE_SELECT',
        'The system should allow for the rerunning of failed transactions at a central level, alleviating the need for Point-of-Service systems to resend data to meet this specification.',
        'specification.iol.iolf.4',
        'SYSTEM_USER',
        'SYSTEM_USER',
        Now(),
        Now(),
        0),
       ('testcase.iol.iolf.5.1',
        'Does the system support transforming messages between the interoperability layer and service provider systems in the format that service provider expects?',
        'Instructions to be added',
        'testcase.status.active',
        1,
        true,
        null,
        'SINGLE_SELECT',
        'The system should support transformation of messages to the format that service provider systems (CR. FR, SHR, etc) expects to meet this specification.',
        'specification.iol.iolf.5',
        'SYSTEM_USER',
        'SYSTEM_USER',
        Now(),
        Now(),
        0),
       ('testcase.iol.iolf.6.1',
        'Does the system support the routing of messages to appropriate architecture components or external Point-of-Service systems?',
        'Instructions to be added',
        'testcase.status.active',
        1,
        true,
        null,
        'SINGLE_SELECT',
        'The system should allow for the routing of messages to the appropriate architecture component or external Point-of-Service system and the system should perform orchestration tasks for complex transactions to meet this specification.',
        'specification.iol.iolf.6',
        'SYSTEM_USER',
        'SYSTEM_USER',
        Now(),
        Now(),
        0),
       ('testcase.iol.iolf.6.2',
        'Does the system performs orchestration tasks for complex transactions to make it easier for the client systems? Orchestration tasks are those that are required to complete the current transaction and therefore must be executed on time as the transaction cannot continue without these steps. For eg: health care provider has made a care plan that includes daily tasks like monitoring blood pressure, heart rate, etc. The app must make sure these tasks happen in a coordinated and timely manner. It''s not just about recording data; it''s about taking actions based on the data.',
        'Instructions to be added',
        'testcase.status.active',
        2,
        true,
        null,
        'SINGLE_SELECT',
        'The system should allow for the routing of messages to the appropriate architecture component or external Point-of-Service system and the system should perform orchestration tasks for complex transactions to meet this specification.',
        'specification.iol.iolf.6',
        'SYSTEM_USER',
        'SYSTEM_USER',
        Now(),
        Now(),
        0),
       ('testcase.iol.iolf.7.1',
        'Does the system include an interface for connecting a workflow engine?',
        'Instructions to be added',
        'testcase.status.active',
        1,
        true,
        null,
        'SINGLE_SELECT',
        'The systems should include an interface into which a workflow engine can be connected to meet this specification. This workflow engine should be able to keep track of the long running state of a patient''s care and would be able to perform actions based on this context',
        'specification.iol.iolf.7',
        'SYSTEM_USER',
        'SYSTEM_USER',
        Now(),
        Now(),
        0),
       ('testcase.iol.iolf.8.1',
        'Is the system designed to be flexible and scalable, allowing for the addition or removal of mediation functions as needed? An example of mediation funtion can be: when a hospital wants to enhance patient safety, so they decide to add a mediation function for checking drug interactions. This new mediation function reviews a patient''s medication list and alerts doctors and pharmacists if there are potential drug interactions that could harm the patient.',
        'Instructions to be added',
        'testcase.status.active',
        1,
        true,
        null,
        'SINGLE_SELECT',
        'The system should support the ability to be extended by allowing additional mediation functions to be added or removed to meet this specification.',
        'specification.iol.iolf.8',
        'SYSTEM_USER',
        'SYSTEM_USER',
        Now(),
        Now(),
        0),
        ('testcase.iol.iolf.9.1',
        'Are you able to find a console that shows the list of failed transations?',
        'Instructions to be added',
        'testcase.status.active',
        1,
        true,
        null,
        'SINGLE_SELECT',
        'The system should support a mechanism for error management and tracking to meet this specification.',
        'specification.iol.iolf.9',
        'SYSTEM_USER',
        'SYSTEM_USER',
        Now(),
        Now(),
        0),
       ('testcase.iol.iolf.10.1',
        'Does the system organize and group failed transactions by error type and reason, so that errors can be rectified efficiently by finding the root cause of the error?',
        'Instructions to be added',
        'testcase.status.active',
        1,
        true,
        null,
        'SINGLE_SELECT',
        'The system should allow grouping of failed transactions by error type and reason to meet this specification.',
        'specification.iol.iolf.10',
        'SYSTEM_USER',
        'SYSTEM_USER',
        Now(),
        Now(),
        0),
       ('testcase.iol.iolf.11.1',
        'Are you able to find a console that shows the list of failed transations?',
        'Instructions to be added',
        'testcase.status.active',
        1,
        true,
        null,
        'SINGLE_SELECT',
        'The system should support the ability to re-run errored transactions once the reason for their failure has been rectified to meet this specification.',
        'specification.iol.iolf.11',
        'SYSTEM_USER',
        'SYSTEM_USER',
        Now(),
        Now(),
        0),
        ('testcase.iol.iolf.12.1',
        'Can you, as an authorized user, see metrics about messages in the Health Information Exchange (HIE)? For eg: The HIE system provides a dashboard with various metrics related to message sharing with patient medical record. These metrics can look something like this: Message Volume: The number of messages exchanged per day. Response Time: How quickly messages are delivered and acknowledged. Error Rates: The percentage of messages that encounter issues during transmission. Top Senders and Receivers: Identifying which healthcare facilities send and receive the most messages.',
        'Instructions to be added',
        'testcase.status.active',
        1,
        true,
        null,
        'SINGLE_SELECT',
        'The system should provide authorized users with a view of metrics for monitoring the flow of messages to meet this specification.',
        'specification.iol.iolf.12',
        'SYSTEM_USER',
        'SYSTEM_USER',
        Now(),
        Now(),
        0),
        ('testcase.iol.iolf.13.1',
        'Does the system manage the security of the HIE through authentication (identity verification)? For example, when a doctor from a hospital wants to access the HIE to review a patient''s medical history, does the system require the doctor''s username and a secure password to ensure identity verification?',
        'Instructions to be added',
        'testcase.status.active',
        1,
        true,
        null,
        'SINGLE_SELECT',
        'The system should manage the security of the HIE through authentication, authorization and encryption and decryption of messages to meet this specification.',
        'specification.iol.iolf.13',
        'SYSTEM_USER',
        'SYSTEM_USER',
        Now(),
        Now(),
        0),
        ('testcase.iol.iolf.13.2',
        'Does the system manage the security of the HIE through authorization (permission to interact with specified HIE components)? For instance, do different users in the HIE have varying levels of access, with doctors having permission to view patient records, nurses adding new test results, and administrators having full control?',
        'Instructions to be added',
        'testcase.status.active',
        2,
        true,
        null,
        'SINGLE_SELECT',
        'The system should manage the security of the HIE through authentication, authorization and encryption and decryption of messages to meet this specification.',
        'specification.iol.iolf.13',
        'SYSTEM_USER',
        'SYSTEM_USER',
        Now(),
        Now(),
        0),
       ('testcase.iol.iolf.14.1',
        'Does the system support Authentication and Authorization of systems attempting to send data to the HIE?',
        'Instructions to be added',
        'testcase.status.active',
        1,
        true,
        null,
        'SINGLE_SELECT',
        'The system shall support authentication and authorization of systems trying to send data to the HIE to meet this specification.',
        'specification.iol.iolf.14',
        'SYSTEM_USER',
        'SYSTEM_USER',
        Now(),
        Now(),
        0),
        ('testcase.iol.iolf.15.1',
        'When testing the system, is the data stored in the database encrypted?',
        'Instructions to be added',
        'testcase.status.active',
        1,
        true,
        null,
        'SINGLE_SELECT',
        'The system should support the encryption of data in flight and at rest to meet this specification.',
        'specification.iol.iolf.15',
        'SYSTEM_USER',
        'SYSTEM_USER',
        Now(),
        Now(),
        0),
        ('testcase.iol.iolf.16.1',
        'When testing the system, does it track monitoring stats like transaction loads and performance, and does it have an easy-to-use view to monitor message flow in the HIE?',
        'Instructions to be added',
        'testcase.status.active',
        1,
        true,
        null,
        'SINGLE_SELECT',
        'The system should provide view for monitoring statistics, such as transaction loads and performance metrics, and for monitoring the flow of messages to meet this specification.',
        'specification.iol.iolf.16',
        'SYSTEM_USER',
        'SYSTEM_USER',
        Now(),
        Now(),
        0);


INSERT INTO testcase_option (id,
                             name,
                             description,
                             state,
                             rank,
                             is_success,
                             testcase_id,
                             created_by,
                             updated_by,
                             created_at,
                             updated_at,
                             version)
VALUES ('testcase.iol.iolf.1.1.option.1',
        'Yes, I am able to find such interface that provides a central point ot access for the services of HIE.',
        'Criteria to be added',
        'testcase.option.status.active',
        1,
        true,
        'testcase.iol.iolf.1.1',
        'SYSTEM_USER',
        'SYSTEM_USER',
        Now(),
        Now(),
        0),
       ('testcase.iol.iolf.1.1.option.2',
        'No, I am not able to find such interface.',
        'Criteria to be added',
        'testcase.option.status.active',
        2,
        false,
        'testcase.iol.iolf.1.1',
        'SYSTEM_USER',
        'SYSTEM_USER',
        Now(),
        Now(),
        0),
       ('testcase.iol.iolf.2.1.option.1',
        'Yes, the system has a routing function that directs requests to the correct service providers.',
        'Criteria to be added',
        'testcase.option.status.active',
        1,
        true,
        'testcase.iol.iolf.2.1',
        'SYSTEM_USER',
        'SYSTEM_USER',
        Now(),
        Now(),
        0),
       ('testcase.iol.iolf.2.1.option.2',
        'No, the system does not have a routing function for directing requests to service providers.',
        'Criteria to be added',
        'testcase.option.status.active',
        2,
        false,
        'testcase.iol.iolf.2.1',
        'SYSTEM_USER',
        'SYSTEM_USER',
        Now(),
        Now(),
        0),
       ('testcase.iol.iolf.3.1.option.1',
        'Yes, the system logs message copies for audit and reporting, providing a trail of data access and activity.',
        'Criteria to be added',
        'testcase.option.status.active',
        1,
        true,
        'testcase.iol.iolf.3.1',
        'SYSTEM_USER',
        'SYSTEM_USER',
        Now(),
        Now(),
        0),
       ('testcase.iol.iolf.3.1.option.2',
        'No, the system does not log message copies for audit and reporting.',
        'Criteria to be added',
        'testcase.option.status.active',
        2,
        false,
        'testcase.iol.iolf.3.1',
        'SYSTEM_USER',
        'SYSTEM_USER',
        Now(),
        Now(),
        0),
       ('testcase.iol.iolf.4.1.option.1',
        'Yes, I was able to re-run failed transactions centrally.',
        'Criteria to be added',
        'testcase.option.status.active',
        1,
        true,
        'testcase.iol.iolf.4.1',
        'SYSTEM_USER',
        'SYSTEM_USER',
        Now(),
        Now(),
        0),
       ('testcase.iol.iolf.4.1.option.2',
        'No, I was not able to re-run failed transactions centrally.',
        'Criteria to be added',
        'testcase.option.status.active',
        2,
        false,
        'testcase.iol.iolf.4.1',
        'SYSTEM_USER',
        'SYSTEM_USER',
        Now(),
        Now(),
        0),
       ('testcase.iol.iolf.5.1.option.1',
        'Yes, the system transforms messages to the required format for service providers.',
        'Criteria to be added',
        'testcase.option.status.active',
        1,
        true,
        'testcase.iol.iolf.5.1',
        'SYSTEM_USER',
        'SYSTEM_USER',
        Now(),
        Now(),
        0),
       ('testcase.iol.iolf.5.1.option.2',
        'No, the system does not transform messages to the required format for service providers.',
        'Criteria to be added',
        'testcase.option.status.active',
        2,
        false,
        'testcase.iol.iolf.5.1',
        'SYSTEM_USER',
        'SYSTEM_USER',
        Now(),
        Now(),
        0),
       ('testcase.iol.iolf.6.1.option.1',
        'Yes, the system can route messages to appropriate architecture components',
        'Criteria to be added',
        'testcase.option.status.active',
        1,
        true,
        'testcase.iol.iolf.6.1',
        'SYSTEM_USER',
        'SYSTEM_USER',
        Now(),
        Now(),
        0),
       ('testcase.iol.iolf.6.1.option.2',
        'No, the system does not support routing messages',
        'Criteria to be added',
        'testcase.option.status.active',
        2,
        false,
        'testcase.iol.iolf.6.1',
        'SYSTEM_USER',
        'SYSTEM_USER',
        Now(),
        Now(),
        0),
       ('testcase.iol.iolf.6.2.option.1',
        'Yes, the system performs orchestration tasks for complex transactions to make it easier for the client systems',
        'Criteria to be added',
        'testcase.option.status.active',
        1,
        true,
        'testcase.iol.iolf.6.2',
        'SYSTEM_USER',
        'SYSTEM_USER',
        Now(),
        Now(),
        0),
       ('testcase.iol.iolf.6.2.option.2',
        'No, the system doesn''t performs orchestration tasks for complex transactions',
        'Criteria to be added',
        'testcase.option.status.active',
        2,
        false,
        'testcase.iol.iolf.6.2',
        'SYSTEM_USER',
        'SYSTEM_USER',
        Now(),
        Now(),
        0),
       ('testcase.iol.iolf.7.1.option.1',
        'Yes, the system includes an interface for connecting a workflow engine, which can track the long-running state of patient care and perform actions based on context.',
        'Criteria to be added',
        'testcase.option.status.active',
        1,
        true,
        'testcase.iol.iolf.7.1',
        'SYSTEM_USER',
        'SYSTEM_USER',
        Now(),
        Now(),
        0),
       ('testcase.iol.iolf.7.1.option.2',
        'No, the system does not include an interface for connecting a workflow engine.',
        'Criteria to be added',
        'testcase.option.status.active',
        2,
        false,
        'testcase.iol.iolf.7.1',
        'SYSTEM_USER',
        'SYSTEM_USER',
        Now(),
        Now(),
        0),
       ('testcase.iol.iolf.8.1.option.1',
        'Yes, the system can accommodate the addition or removal of mediation functions as required.',
        'Criteria to be added',
        'testcase.option.status.active',
        1,
        true,
        'testcase.iol.iolf.8.1',
        'SYSTEM_USER',
        'SYSTEM_USER',
        Now(),
        Now(),
        0),
       ('testcase.iol.iolf.8.1.option.2',
        'No, the system cannot accommodate changes to mediation functions.',
        'Criteria to be added',
        'testcase.option.status.active',
        2,
        false,
        'testcase.iol.iolf.8.1',
        'SYSTEM_USER',
        'SYSTEM_USER',
        Now(),
        Now(),
        0),
       ('testcase.iol.iolf.9.1.option.1',
        'Yes, there''s a console to check failed transactions.',
        'Criteria to be added',
        'testcase.option.status.active',
        1,
        true,
        'testcase.iol.iolf.9.1',
        'SYSTEM_USER',
        'SYSTEM_USER',
        Now(),
        Now(),
        0),
       ('testcase.iol.iolf.9.1.option.2',
        'No, there''s no console to see what went wrong.',
        'Criteria to be added',
        'testcase.option.status.active',
        2,
        false,
        'testcase.iol.iolf.9.1',
        'SYSTEM_USER',
        'SYSTEM_USER',
        Now(),
        Now(),
        0),
       ('testcase.iol.iolf.10.1.option.1',
        'Yes, the system organizes failed transactions by error type and reason.',
        'Criteria to be added',
        'testcase.option.status.active',
        1,
        true,
        'testcase.iol.iolf.10.1',
        'SYSTEM_USER',
        'SYSTEM_USER',
        Now(),
        Now(),
        0),
       ('testcase.iol.iolf.10.1.option.2',
        'No, the system does not organize failed transactions in this manner.',
        'Criteria to be added',
        'testcase.option.status.active',
        2,
        false,
        'testcase.iol.iolf.10.1',
        'SYSTEM_USER',
        'SYSTEM_USER',
        Now(),
        Now(),
        0),
       ('testcase.iol.iolf.11.1.option.1',
        'Yes, the system supports re-running errored transactions once the reason for their failure has been rectified.',
        'Criteria to be added',
        'testcase.option.status.active',
        1,
        true,
        'testcase.iol.iolf.11.1',
        'SYSTEM_USER',
        'SYSTEM_USER',
        Now(),
        Now(),
        0),
       ('testcase.iol.iolf.11.1.option.2',
        'No, the system does not support re-running errored transactions after addressing the reason for their failure.',
        'Criteria to be added',
        'testcase.option.status.active',
        2,
        false,
        'testcase.iol.iolf.11.1',
        'SYSTEM_USER',
        'SYSTEM_USER',
        Now(),
        Now(),
        0),
       ('testcase.iol.iolf.12.1.option.1',
        'Yes, I am able to see the metrics to monitor flow of messages through HIE.',
        'Criteria to be added',
        'testcase.option.status.active',
        1,
        true,
        'testcase.iol.iolf.12.1',
        'SYSTEM_USER',
        'SYSTEM_USER',
        Now(),
        Now(),
        0),
       ('testcase.iol.iolf.12.1.option.2',
        'No, I am not able to see such metrics.',
        'Criteria to be added',
        'testcase.option.status.active',
        2,
        false,
        'testcase.iol.iolf.12.1',
        'SYSTEM_USER',
        'SYSTEM_USER',
        Now(),
        Now(),
        0),
       ('testcase.iol.iolf.13.1.option.1',
        'Yes, the system manages authentication through identity verification.',
        'Criteria to be added',
        'testcase.option.status.active',
        1,
        true,
        'testcase.iol.iolf.13.1',
        'SYSTEM_USER',
        'SYSTEM_USER',
        Now(),
        Now(),
        0),
       ('testcase.iol.iolf.13.1.option.2',
        'No, the system lacks the capability to manage authentication through identity verification.',
        'Criteria to be added',
        'testcase.option.status.active',
        2,
        false,
        'testcase.iol.iolf.13.1',
        'SYSTEM_USER',
        'SYSTEM_USER',
        Now(),
        Now(),
        0),
       ('testcase.iol.iolf.13.2.option.1',
        'Yes, the system manages authorization by granting permission to interact with specified HIE components.',
        'Criteria to be added',
        'testcase.option.status.active',
        1,
        true,
        'testcase.iol.iolf.13.2',
        'SYSTEM_USER',
        'SYSTEM_USER',
        Now(),
        Now(),
        0),
       ('testcase.iol.iolf.13.2.option.2',
        'No, the system lacks the capability to manage authorization by granting permission to interact with specified HIE components.',
        'Criteria to be added',
        'testcase.option.status.active',
        2,
        false,
        'testcase.iol.iolf.13.2',
        'SYSTEM_USER',
        'SYSTEM_USER',
        Now(),
        Now(),
        0),
       ('testcase.iol.iolf.14.1.option.1',
        'Yes, the system authenticates the identity of systems and checks their permissions before allowing data transmission, ensuring only approved and trusted sources can send data to the HIE.',
        'Criteria to be added',
        'testcase.option.status.active',
        1,
        true,
        'testcase.iol.iolf.14.1',
        'SYSTEM_USER',
        'SYSTEM_USER',
        Now(),
        Now(),
        0),
       ('testcase.iol.iolf.14.1.option.2',
        'No, the system does not support Authentication and Authorization of systems attempting to send data to the HIE.',
        'Criteria to be added',
        'testcase.option.status.active',
        2,
        false,
        'testcase.iol.iolf.14.1',
        'SYSTEM_USER',
        'SYSTEM_USER',
        Now(),
        Now(),
        0),
       ('testcase.iol.iolf.15.1.option.1',
        'Yes, the data is stored encrypted.',
        'Criteria to be added',
        'testcase.option.status.active',
        1,
        true,
        'testcase.iol.iolf.15.1',
        'SYSTEM_USER',
        'SYSTEM_USER',
        Now(),
        Now(),
        0),
       ('testcase.iol.iolf.15.1.option.2',
        'No, the data is stored without encryption, and I can see it as it appears in the UI.',
        'Criteria to be added',
        'testcase.option.status.active',
        2,
        false,
        'testcase.iol.iolf.15.1',
        'SYSTEM_USER',
        'SYSTEM_USER',
        Now(),
        Now(),
        0),
       ('testcase.iol.iolf.16.1.option.1',
        'Yes, it tracks stats and has a view for monitoring message flow.',
        'Criteria to be added',
        'testcase.option.status.active',
        1,
        true,
        'testcase.iol.iolf.16.1',
        'SYSTEM_USER',
        'SYSTEM_USER',
        Now(),
        Now(),
        0),
       ('testcase.iol.iolf.16.1.option.2',
        'No, it doesn''t track stats or have a view for monitoring message flow.',
        'Criteria to be added',
        'testcase.option.status.active',
        2,
        false,
        'testcase.iol.iolf.16.1',
        'SYSTEM_USER',
        'SYSTEM_USER',
        Now(),
        Now(),
        0);