
INSERT INTO specification (id,
                           name,
                           description,
                           state,
                           rank,
                           is_functional,
                           is_required,
                           component_id,
                           created_by,
                           updated_by,
                           created_at,
                           updated_at,
                           version)
VALUES ('specification.iol.iolf.1',
        'IOLF-1',
        'IOLF-1 Specification of the Client Registry Component (https://guides.ohie.org/arch-spec/openhie-component-specifications-1/client-registry)',
        'specification.status.active',
        2,
        true,
        false,
        'component.interoperability.layer',
        'SYSTEM_USER',
        'SYSTEM_USER',
        Now(),
        Now(),
        0),
       ('specification.iol.iolf.4',
        'IOLF-4',
        'IOLF-4 Specification of the Client Registry Component (https://guides.ohie.org/arch-spec/openhie-component-specifications-1/client-registry)',
        'specification.status.active',
        5,
        true,
        false,
        'component.interoperability.layer',
        'SYSTEM_USER',
        'SYSTEM_USER',
        Now(),
        Now(),
        0),
       ('specification.iol.iolf.9',
        'IOLF-9',
        'IOLF-9 Specification of the Client Registry Component (https://guides.ohie.org/arch-spec/openhie-component-specifications-1/client-registry)',
        'specification.status.active',
        10,
        true,
        true,
        'component.interoperability.layer',
        'SYSTEM_USER',
        'SYSTEM_USER',
        Now(),
        Now(),
        0),
       ('specification.iol.iolf.12',
        'IOLF-12',
        'IOLF-12 Specification of the Client Registry Component (https://guides.ohie.org/arch-spec/openhie-component-specifications-1/client-registry)',
        'specification.status.active',
        13,
        true,
        true,
        'component.interoperability.layer',
        'SYSTEM_USER',
        'SYSTEM_USER',
        Now(),
        Now(),
        0),
       ('specification.iol.iolf.13',
        'IOLF-13',
        'IOLF-13 Specification of the Client Registry Component (https://guides.ohie.org/arch-spec/openhie-component-specifications-1/client-registry)',
        'specification.status.active',
        14,
        true,
        true,
        'component.interoperability.layer',
        'SYSTEM_USER',
        'SYSTEM_USER',
        Now(),
        Now(),
        0),
       ('specification.iol.iolf.15',
        'IOLF-15',
        'IOLF-15 Specification of the Client Registry Component (https://guides.ohie.org/arch-spec/openhie-component-specifications-1/client-registry)',
        'specification.status.active',
        16,
        true,
        false,
        'component.interoperability.layer',
        'SYSTEM_USER',
        'SYSTEM_USER',
        Now(),
        Now(),
        0),
       ('specification.iol.iolf.16',
        'IOLF-16',
        'IOLF-16 Specification of the Client Registry Component (https://guides.ohie.org/arch-spec/openhie-component-specifications-1/client-registry)',
        'specification.status.active',
        17,
        true,
        false,
        'component.interoperability.layer',
        'SYSTEM_USER',
        'SYSTEM_USER',
        Now(),
        Now(),
        0);




INSERT INTO testcase (id,
                      name,
                      description,
                      state,
                      rank,
                      is_manual,
                      bean_name,
                      question_type,
                      failure_message,
                      specification_id,
                      created_by,
                      updated_by,
                      created_at,
                      updated_at,
                      version)
VALUES ('testcase.iol.iolf.1.1',
        'Are you able to find an interface in the system that provides a central point of access for the services of the HIE? For example, this interface will provide access to the CR, PR, FR and SHR. This central point of access simplifies security management and provides a single entry point into the HIE.',
        'Instructions to be added',
        'testcase.status.active',
        1,
        true,
        null,
        'SINGLE_SELECT',
        'The system should provide a central point of access for the services such as CR, FR, SHR of the HIE to meet this specification.',
        'specification.iol.iolf.1',
        'SYSTEM_USER',
        'SYSTEM_USER',
        Now(),
        Now(),
        0),
        ('testcase.iol.iolf.4.1',
        'Are you able to find an interface that allows to re-run all failed transactions from one place? For eg: a healthcare provider enters the patient information into the system and while clicking the save button, there was some internet issue that results into creation being incomplete or lost. This requirement allows to retry such failed transations at central level so the healthcare provider doesn''t have to re-enter all the information again. This central location can be a component or dashboard from where user can take charge of retrying all the failed transactions of different services.',
        'Instructions to be added',
        'testcase.status.active',
        1,
        true,
        null,
        'SINGLE_SELECT',
        'The system should allow for the rerunning of failed transactions at a central level, alleviating the need for Point-of-Service systems to resend data to meet this specification.',
        'specification.iol.iolf.4',
        'SYSTEM_USER',
        'SYSTEM_USER',
        Now(),
        Now(),
        0),
        ('testcase.iol.iolf.9.1',
        'Are you able to find a console that shows the list of failed transations?',
        'Instructions to be added',
        'testcase.status.active',
        1,
        true,
        null,
        'SINGLE_SELECT',
        'The system should support a mechanism for error management and tracking to meet this specification.',
        'specification.iol.iolf.9',
        'SYSTEM_USER',
        'SYSTEM_USER',
        Now(),
        Now(),
        0),
        ('testcase.iol.iolf.12.1',
        'Can you, as an authorized user, see metrics about messages in the Health Information Exchange (HIE)? For eg: The HIE system provides a dashboard with various metrics related to message sharing with patient medical record. These metrics can look something like this: Message Volume: The number of messages exchanged per day. Response Time: How quickly messages are delivered and acknowledged. Error Rates: The percentage of messages that encounter issues during transmission. Top Senders and Receivers: Identifying which healthcare facilities send and receive the most messages.',
        'Instructions to be added',
        'testcase.status.active',
        1,
        true,
        null,
        'SINGLE_SELECT',
        'The system should provide authorized users with a view of metrics for monitoring the flow of messages to meet this specification.',
        'specification.iol.iolf.12',
        'SYSTEM_USER',
        'SYSTEM_USER',
        Now(),
        Now(),
        0),
        ('testcase.iol.iolf.13.1',
        'Does the system manage the security of the HIE through authentication (identity verification)? For example, when a doctor from a hospital wants to access the HIE to review a patient''s medical history, does the system require the doctor''s username and a secure password to ensure identity verification?',
        'Instructions to be added',
        'testcase.status.active',
        1,
        true,
        null,
        'SINGLE_SELECT',
        'The system should manage the security of the HIE through authentication, authorization and encryption and decryption of messages to meet this specification.',
        'specification.iol.iolf.13',
        'SYSTEM_USER',
        'SYSTEM_USER',
        Now(),
        Now(),
        0),
        ('testcase.iol.iolf.13.2',
        'Does the system manage the security of the HIE through authorization (permission to interact with specified HIE components)? For instance, do different users in the HIE have varying levels of access, with doctors having permission to view patient records, nurses adding new test results, and administrators having full control?',
        'Instructions to be added',
        'testcase.status.active',
        2,
        true,
        null,
        'SINGLE_SELECT',
        'The system should manage the security of the HIE through authentication, authorization and encryption and decryption of messages to meet this specification.',
        'specification.iol.iolf.13',
        'SYSTEM_USER',
        'SYSTEM_USER',
        Now(),
        Now(),
        0),
        ('testcase.iol.iolf.15.1',
        'When testing the system, is the data stored in the database encrypted?',
        'Instructions to be added',
        'testcase.status.active',
        1,
        true,
        null,
        'SINGLE_SELECT',
        'The system should support the encryption of data in flight and at rest to meet this specification.',
        'specification.iol.iolf.15',
        'SYSTEM_USER',
        'SYSTEM_USER',
        Now(),
        Now(),
        0),
        ('testcase.iol.iolf.16.1',
        'When testing the system, does it track monitoring stats like transaction loads and performance, and does it have an easy-to-use view to monitor message flow in the HIE?',
        'Instructions to be added',
        'testcase.status.active',
        1,
        true,
        null,
        'SINGLE_SELECT',
        'The system should provide view for monitoring statistics, such as transaction loads and performance metrics, and for monitoring the flow of messages to meet this specification.',
        'specification.iol.iolf.16',
        'SYSTEM_USER',
        'SYSTEM_USER',
        Now(),
        Now(),
        0);


INSERT INTO testcase_option (id,
                             name,
                             description,
                             state,
                             rank,
                             is_success,
                             testcase_id,
                             created_by,
                             updated_by,
                             created_at,
                             updated_at,
                             version)
VALUES ('testcase.iol.iolf.1.1.option.1',
        'Yes, I am able to find such interface that provides a central point ot access for the services of HIE.',
        'Criteria to be added',
        'testcase.option.status.active',
        1,
        true,
        'testcase.iol.iolf.1.1',
        'SYSTEM_USER',
        'SYSTEM_USER',
        Now(),
        Now(),
        0),
       ('testcase.iol.iolf.1.1.option.2',
        'No, I am not able to find such interface.',
        'Criteria to be added',
        'testcase.option.status.active',
        2,
        false,
        'testcase.iol.iolf.1.1',
        'SYSTEM_USER',
        'SYSTEM_USER',
        Now(),
        Now(),
        0),
       ('testcase.iol.iolf.4.1.option.1',
        'Yes, I was able to re-run failed transactions centrally.',
        'Criteria to be added',
        'testcase.option.status.active',
        1,
        true,
        'testcase.iol.iolf.4.1',
        'SYSTEM_USER',
        'SYSTEM_USER',
        Now(),
        Now(),
        0),
       ('testcase.iol.iolf.4.1.option.2',
        'No, I was not able to re-run failed transactions centrally.',
        'Criteria to be added',
        'testcase.option.status.active',
        2,
        false,
        'testcase.iol.iolf.4.1',
        'SYSTEM_USER',
        'SYSTEM_USER',
        Now(),
        Now(),
        0),
       ('testcase.iol.iolf.9.1.option.1',
        'Yes, there''s a console to check failed transactions.',
        'Criteria to be added',
        'testcase.option.status.active',
        1,
        true,
        'testcase.iol.iolf.9.1',
        'SYSTEM_USER',
        'SYSTEM_USER',
        Now(),
        Now(),
        0),
       ('testcase.iol.iolf.9.1.option.2',
        'No, there''s no console to see what went wrong.',
        'Criteria to be added',
        'testcase.option.status.active',
        2,
        false,
        'testcase.iol.iolf.9.1',
        'SYSTEM_USER',
        'SYSTEM_USER',
        Now(),
        Now(),
        0),
       ('testcase.iol.iolf.12.1.option.1',
        'Yes, I am able to see the metrics to monitor flow of messages through HIE.',
        'Criteria to be added',
        'testcase.option.status.active',
        1,
        true,
        'testcase.iol.iolf.12.1',
        'SYSTEM_USER',
        'SYSTEM_USER',
        Now(),
        Now(),
        0),
       ('testcase.iol.iolf.12.1.option.2',
        'No, I am able to see such metrics.',
        'Criteria to be added',
        'testcase.option.status.active',
        2,
        false,
        'testcase.iol.iolf.12.1',
        'SYSTEM_USER',
        'SYSTEM_USER',
        Now(),
        Now(),
        0),
       ('testcase.iol.iolf.13.1.option.1',
        'Yes, the system manages authentication through identity verification.',
        'Criteria to be added',
        'testcase.option.status.active',
        1,
        true,
        'testcase.iol.iolf.13.1',
        'SYSTEM_USER',
        'SYSTEM_USER',
        Now(),
        Now(),
        0),
       ('testcase.iol.iolf.13.1.option.2',
        'No, the system lacks the capability to manage authentication through identity verification.',
        'Criteria to be added',
        'testcase.option.status.active',
        2,
        false,
        'testcase.iol.iolf.13.1',
        'SYSTEM_USER',
        'SYSTEM_USER',
        Now(),
        Now(),
        0),
       ('testcase.iol.iolf.13.2.option.1',
        'Yes, the system manages authorization by granting permission to interact with specified HIE components.',
        'Criteria to be added',
        'testcase.option.status.active',
        1,
        true,
        'testcase.iol.iolf.13.2',
        'SYSTEM_USER',
        'SYSTEM_USER',
        Now(),
        Now(),
        0),
       ('testcase.iol.iolf.13.2.option.2',
        'No, the system lacks the capability to manage authorization by granting permission to interact with specified HIE components.',
        'Criteria to be added',
        'testcase.option.status.active',
        2,
        false,
        'testcase.iol.iolf.13.2',
        'SYSTEM_USER',
        'SYSTEM_USER',
        Now(),
        Now(),
        0),
       ('testcase.iol.iolf.15.1.option.1',
        'Yes, the data is stored encrypted.',
        'Criteria to be added',
        'testcase.option.status.active',
        1,
        true,
        'testcase.iol.iolf.15.1',
        'SYSTEM_USER',
        'SYSTEM_USER',
        Now(),
        Now(),
        0),
       ('testcase.iol.iolf.15.1.option.2',
        'No, the data is stored without encryption, and I can see it as it appears in the UI.',
        'Criteria to be added',
        'testcase.option.status.active',
        2,
        false,
        'testcase.iol.iolf.15.1',
        'SYSTEM_USER',
        'SYSTEM_USER',
        Now(),
        Now(),
        0),
       ('testcase.iol.iolf.16.1.option.1',
        'Yes, it tracks stats and has a view for monitoring message flow.',
        'Criteria to be added',
        'testcase.option.status.active',
        1,
        true,
        'testcase.iol.iolf.16.1',
        'SYSTEM_USER',
        'SYSTEM_USER',
        Now(),
        Now(),
        0),
       ('testcase.iol.iolf.16.1.option.2',
        'No, it doesn''t track stats or have a view for monitoring message flow.',
        'Criteria to be added',
        'testcase.option.status.active',
        2,
        false,
        'testcase.iol.iolf.16.1',
        'SYSTEM_USER',
        'SYSTEM_USER',
        Now(),
        Now(),
        0);