

INSERT INTO specification (id,
                           name,
                           description,
                           state,
                           rank,
                           is_functional,
                           is_required,
                           component_id,
                           created_by,
                           updated_by,
                           created_at,
                           updated_at,
                           version)
VALUES ('specification.shr.shrf.1',
        'SHRF-1',
        'SHRF-1 Specification of the Shared Health Record Component (https://guides.ohie.org/arch-spec/openhie-component-specifications-1/openhie-shared-health-record-shr)',
        'specification.status.active',
        3,
        true,
        false,
        'component.shared.health.record',
        'SYSTEM_USER',
        'SYSTEM_USER',
        Now(),
        Now(),
        0),
       ('specification.shr.shrf.2',
        'SHRF-2',
        'SHRF-2 Specification of the Shared Health Record Component (https://guides.ohie.org/arch-spec/openhie-component-specifications-1/openhie-shared-health-record-shr)',
        'specification.status.active',
        4,
        true,
        false,
        'component.shared.health.record',
        'SYSTEM_USER',
        'SYSTEM_USER',
        Now(),
        Now(),
        0),
       ('specification.shr.shrf.4',
        'SHRF-4',
        'SHRF-4 Specification of the Shared Health Record Component (https://guides.ohie.org/arch-spec/openhie-component-specifications-1/openhie-shared-health-record-shr)',
        'specification.status.active',
        6,
        true,
        false,
        'component.shared.health.record',
        'SYSTEM_USER',
        'SYSTEM_USER',
        Now(),
        Now(),
        0),
       ('specification.shr.shrf.6',
        'SHRF-6',
        'SHRF-6 Specification of the Shared Health Record Component (https://guides.ohie.org/arch-spec/openhie-component-specifications-1/openhie-shared-health-record-shr)',
        'specification.status.active',
        8,
        true,
        false,
        'component.shared.health.record',
        'SYSTEM_USER',
        'SYSTEM_USER',
        Now(),
        Now(),
        0),
       ('specification.shr.shrf.7',
        'SHRF-7',
        'SHRF-7 Specification of the Shared Health Record Component (https://guides.ohie.org/arch-spec/openhie-component-specifications-1/openhie-shared-health-record-shr)',
        'specification.status.active',
        9,
        true,
        false,
        'component.shared.health.record',
        'SYSTEM_USER',
        'SYSTEM_USER',
        Now(),
        Now(),
        0),
       ('specification.shr.shrf.9',
        'SHRF-9',
        'SHRF-9 Specification of the Shared Health Record Component (https://guides.ohie.org/arch-spec/openhie-component-specifications-1/openhie-shared-health-record-shr)',
        'specification.status.active',
        11,
        true,
        false,
        'component.shared.health.record',
        'SYSTEM_USER',
        'SYSTEM_USER',
        Now(),
        Now(),
        0),
       ('specification.shr.shrf.10',
        'SHRF-10',
        'SHRF-10 Specification of the Shared health record Registry Component (https://guides.ohie.org/arch-spec/introduction/shared-health-record/query-patient-level-clinical-data-workflow)',
        'specification.status.active',
        12,
        true,
        false,
        'component.shared.health.record',
        'SYSTEM_USER',
        'SYSTEM_USER',
        Now(),
        Now(),
        0),
       ('specification.shr.shrf.11',
        'SHRF-11',
        'SHRF-11 Specification of the Shared Health Record Component (https://guides.ohie.org/arch-spec/openhie-component-specifications-1/openhie-shared-health-record-shr)',
        'specification.status.active',
        13,
        true,
        false,
        'component.shared.health.record',
        'SYSTEM_USER',
        'SYSTEM_USER',
        Now(),
        Now(),
        0);

INSERT INTO testcase (id,
                      name,
                      description,
                      state,
                      rank,
                      is_manual,
                      bean_name,
                      question_type,
                      failure_message,
                      specification_id,
                      created_by,
                      updated_by,
                      created_at,
                      updated_at,
                      version)
VALUES ('testcase.shr.shrf.1.1',
        'Does the system expose services capable of receiving and storing patient clinical data in unstructured forms, including text or binary formats such as PDFs or images? This data is annotated with sufficient metadata to identify the patient and provider.',
        'Instructions to be added',
        'testcase.status.active',
        1,
        true,
        null,
        'SINGLE_SELECT',
        'The system should expose services that have the ability to receive and save patient clinical data in a structured form such as CDA documents or FHIR resources to meet this specification.',
        'specification.shr.shrf.1',
        'SYSTEM_USER',
        'SYSTEM_USER',
        Now(),
        Now(),
        0),
       ('testcase.shr.shrf.2.1',
        'Does the system expose services capable of receiving and storing patient clinical data in unstructured forms, including text or binary formats such as PDFs or images? This data is annotated with sufficient metadata to identify the patient and provider.',
        'Instructions to be added',
        'testcase.status.active',
        1,
        true,
        null,
        'SINGLE_SELECT',
        'The system should expose services that have the ability to receive and save patient clinical data in a structured form such as CDA documents or FHIR resources to meet this specification.',
        'specification.shr.shrf.2',
        'SYSTEM_USER',
        'SYSTEM_USER',
        Now(),
        Now(),
        0),
       ('testcase.shr.shrf.3.2',
        'Is the healthcare system capable of storing patient information in specific organized formats such as CDA documents (Clinical Document Architecture) or FHIR resources (Fast Healthcare Interoperability Resources)?',
        'Instructions to be added',
        'testcase.status.active',
        1,
        true,
        null,
        'SINGLE_SELECT',
        'The system should expose services that have the ability to receive and save patient clinical data in a structured form such as CDA documents or FHIR resources to meet this specification.',
        'specification.shr.shrf.3',
        'SYSTEM_USER',
        'SYSTEM_USER',
        Now(),
        Now(),
        0),
       ('testcase.shr.shrf.4.1',
        'Can the system save patient information in a format that includes both organized and unorganized parts? The structured part may consist of organized information like names, dates, and test results, while the unstructured parts may include handwritten notes or scanned documents that are not neatly organized.',
        'Instructions to be added',
        'testcase.status.active',
        1,
        true,
        null,
        'SINGLE_SELECT',
        'The system should expose services that have the ability to receive and save patient clinical data In a form that contains both structured and unstructured elements to meet this specification.',
        'specification.shr.shrf.4',
        'SYSTEM_USER',
        'SYSTEM_USER',
        Now(),
        Now(),
        0),
       ('testcase.shr.shrf.5.5',
        'Can the system retrieve a specific document requested about a patient?',
        'Instructions to be added',
        'testcase.status.active',
        1,
        true,
        null,
        'SINGLE_SELECT',
        'The system should expose services that respond to queries for a patient’s EHR (Electronic Health Record) such as list of documents of patient, patient''s test results and everything that SHR knows about patient to meet this specification.',
        'specification.shr.shrf.5',
        'SYSTEM_USER',
        'SYSTEM_USER',
        Now(),
        Now(),
        0),
       ('testcase.shr.shrf.5.6',
        'Can the system provide a list of documents related to a patient?',
        'Instructions to be added',
        'testcase.status.active',
        2,
        true,
        null,
        'SINGLE_SELECT',
        'The system should expose services that respond to queries for a patient’s EHR (Electronic Health Record) such as list of documents of patient, patient''s test results and everything that SHR knows about patient to meet this specification.',
        'specification.shr.shrf.5',
        'SYSTEM_USER',
        'SYSTEM_USER',
        Now(),
        Now(),
        0),
       ('testcase.shr.shrf.5.7',
        'Can the system filter and provide specific information like a patient''s test results upon request?',
        'Instructions to be added',
        'testcase.status.active',
        3,
        true,
        null,
        'SINGLE_SELECT',
        'The system should expose services that respond to queries for a patient’s EHR (Electronic Health Record) such as list of documents of patient, patient''s test results and everything that SHR knows about patient to meet this specification.',
        'specification.shr.shrf.5',
        'SYSTEM_USER',
        'SYSTEM_USER',
        Now(),
        Now(),
        0),
       ('testcase.shr.shrf.5.8',
        'Can the system generate a summary of all information it has about a patient, including links to individual pieces of information?',
        'Instructions to be added',
        'testcase.status.active',
        4,
        true,
        null,
        'SINGLE_SELECT',
        'The system should expose services that respond to queries for a patient’s EHR (Electronic Health Record) such as list of documents of patient, patient''s test results and everything that SHR knows about patient to meet this specification.',
        'specification.shr.shrf.5',
        'SYSTEM_USER',
        'SYSTEM_USER',
        Now(),
        Now(),
        0),
       ('testcase.shr.shrf.6.1',
        'Does the system have the capability to remember and understand the context or circumstances in which patient information was provided?',
        'Instructions to be added',
        'testcase.status.active',
        1,
        true,
        null,
        'SINGLE_SELECT',
        'The system should maintain the context in which the data was submitted to meet this specification.',
        'specification.shr.shrf.6',
        'SYSTEM_USER',
        'SYSTEM_USER',
        Now(),
        Now(),
        0),
       ('testcase.shr.shrf.7.1',
        'Does the system create a detailed log of changes made to medical or personal patient information, including what was changed and when?',
        'Instructions to be added',
        'testcase.status.active',
        1,
        true,
        null,
        'SINGLE_SELECT',
        'The system should keep detailed audit logs of all interactions with clinical and demographic data that is stored or changed to meet this specification.',
        'specification.shr.shrf.7',
        'SYSTEM_USER',
        'SYSTEM_USER',
        Now(),
        Now(),
        0),
       ('testcase.shr.shrf.7.2',
        'Does the system retain records and versions updates such that any update does not rewrite old data but creates a new version of data? No information should ever be removed from the system',
        'Instructions to be added',
        'testcase.status.active',
        2,
        true,
        null,
        'SINGLE_SELECT',
        'The system should keep detailed audit logs of all interactions with clinical and demographic data that is stored or changed to meet this specification.',
        'specification.shr.shrf.7',
        'SYSTEM_USER',
        'SYSTEM_USER',
        Now(),
        Now(),
        0),
       ('testcase.shr.shrf.8.2',
        'Can the healthcare system (SHR) share patient data in a way that others, like researchers or organizations, can use it for different reasons? For example, can the hospital''s computer create a special version of this data for sharing with researchers or scientists?',
        'Instructions to be added',
        'testcase.status.active',
        1,
        true,
        null,
        'SINGLE_SELECT',
        'The system should support the ability to export data for secondary use to meet this specification.',
        'specification.shr.shrf.8',
        'SYSTEM_USER',
        'SYSTEM_USER',
        Now(),
        Now(),
        0),
       ('testcase.shr.shrf.9.1',
        'When using the healthcare system (SHR), does it check if the entered data is sensible?  For example if a person enters a very high temperature, the system might alert that it''s unusually high and ask you to double-check.',
        'Instructions to be added',
        'testcase.status.active',
        1,
        true,
        null,
        'SINGLE_SELECT',
        'The system should provide interfaces at various stages of the data lifecycle to allow for semantic validation or simple decision support to meet this specification.',
        'specification.shr.shrf.9',
        'SYSTEM_USER',
        'SYSTEM_USER',
        Now(),
        Now(),
        0),
       ('testcase.shr.shrf.9.2',
        'When using the healthcare system (SHR), does it offer guidance for decision making? If doctor is prescribing a medication, the system might suggest a lower dosage if it notices a potential interaction with other drugs the patient is taking. These helpful tips or alerts are like having simple decision support, where the system assists the user in making informed choices based on the data being entered.',
        'Instructions to be added',
        'testcase.status.active',
        2,
        true,
        null,
        'SINGLE_SELECT',
        'The system should provide interfaces at various stages of the data lifecycle to allow for semantic validation or simple decision support to meet this specification.',
        'specification.shr.shrf.9',
        'SYSTEM_USER',
        'SYSTEM_USER',
        Now(),
        Now(),
        0),
       ('testcase.shr.shrf.10.1',
        'While using the healthcare system (SHR), can you confirm if the system allows you to define and retrieve basic privacy rules? For instance, setting rules to restrict certain users to access only specific parts of a patient''s information, or limiting access to the entire patient record?',
        'Instructions to be added',
        'testcase.status.active',
        1,
        true,
        null,
        'SINGLE_SELECT',
        'The system should allow for storage and retrieval of basic privacy/policy constraints to meet this specification.',
        'specification.shr.shrf.10',
        'SYSTEM_USER',
        'SYSTEM_USER',
        Now(),
        Now(),
        0),
       ('testcase.shr.shrf.11.1',
        'While using SHR, are you able to store observational data in standardized format for easy interpretation and retrieval?',
        'Instructions to be added',
        'testcase.status.active',
        1,
        true,
        null,
        'SINGLE_SELECT',
        'The system should be able to store identified observational data in standardized format to meet this specification.',
        'specification.shr.shrf.11',
        'SYSTEM_USER',
        'SYSTEM_USER',
        Now(),
        Now(),
        0);


INSERT INTO testcase_option (id,
                             name,
                             description,
                             state,
                             rank,
                             is_success,
                             testcase_id,
                             created_by,
                             updated_by,
                             created_at,
                             updated_at,
                             version)
VALUES ('testcase.shr.shrf.1.1.option.1',
        'Yes, the system provides services for storing unstructured patient clinical data with annotated metadata.',
        'Criteria to be added',
        'testcase.option.status.active',
        1,
        true,
        'testcase.shr.shrf.1.1',
        'SYSTEM_USER',
        'SYSTEM_USER',
        Now(),
        Now(),
        0),
       ('testcase.shr.shrf.1.1.option.2',
        'No, the system does not provide services for storing unstructured patient clinical data with annotated metadata.',
        'Criteria to be added',
        'testcase.option.status.active',
        2,
        false,
        'testcase.shr.shrf.1.1',
        'SYSTEM_USER',
        'SYSTEM_USER',
        Now(),
        Now(),
        0),
       ('testcase.shr.shrf.2.1.option.1',
        'Yes, the system provides services for storing unstructured patient clinical data with annotated metadata.',
        'Criteria to be added',
        'testcase.option.status.active',
        1,
        true,
        'testcase.shr.shrf.2.1',
        'SYSTEM_USER',
        'SYSTEM_USER',
        Now(),
        Now(),
        0),
       ('testcase.shr.shrf.2.1.option.2',
        'No, the system does not provide services for storing unstructured patient clinical data with annotated metadata.',
        'Criteria to be added',
        'testcase.option.status.active',
        2,
        false,
        'testcase.shr.shrf.2.1',
        'SYSTEM_USER',
        'SYSTEM_USER',
        Now(),
        Now(),
        0),
       ('testcase.shr.shrf.3.2.option.1',
        'Yes, the system can store patient information in organized formats like CDA documents or FHIR resources.',
        'Criteria to be added',
        'testcase.option.status.active',
        1,
        true,
        'testcase.shr.shrf.3.2',
        'SYSTEM_USER',
        'SYSTEM_USER',
        Now(),
        Now(),
        0),
       ('testcase.shr.shrf.3.2.option.2',
        'No, the system cannot store patient information in organized formats like CDA documents or FHIR resources.',
        'Criteria to be added',
        'testcase.option.status.active',
        2,
        false,
        'testcase.shr.shrf.3.2',
        'SYSTEM_USER',
        'SYSTEM_USER',
        Now(),
        Now(),
        0),
       ('testcase.shr.shrf.4.1.option.1',
        'Yes, the system can save patient information in a format that includes both organized and unorganized parts.',
        'Criteria to be added',
        'testcase.option.status.active',
        1,
        true,
        'testcase.shr.shrf.4.1',
        'SYSTEM_USER',
        'SYSTEM_USER',
        Now(),
        Now(),
        0),
       ('testcase.shr.shrf.4.1.option.2',
        'No, the system cannot save patient information in a format that includes both organized and unorganized parts.',
        'Criteria to be added',
        'testcase.option.status.active',
        2,
        false,
        'testcase.shr.shrf.4.1',
        'SYSTEM_USER',
        'SYSTEM_USER',
        Now(),
        Now(),
        0),
       ('testcase.shr.shrf.5.5.option.1',
        'Yes, the system can retrieve a particular document requested about a patient.',
        'Criteria to be added',
        'testcase.option.status.active',
        1,
        true,
        'testcase.shr.shrf.5.5',
        'SYSTEM_USER',
        'SYSTEM_USER',
        Now(),
        Now(),
        0),
       ('testcase.shr.shrf.5.5.option.2',
        'No, the system cannot retrieve a particular document requested about a patient.',
        'Criteria to be added',
        'testcase.option.status.active',
        2,
        false,
        'testcase.shr.shrf.5.5',
        'SYSTEM_USER',
        'SYSTEM_USER',
        Now(),
        Now(),
        0),
       ('testcase.shr.shrf.5.6.option.1',
        'Yes, the system can provide a list of documents related to a patient.',
        'Criteria to be added',
        'testcase.option.status.active',
        1,
        true,
        'testcase.shr.shrf.5.6',
        'SYSTEM_USER',
        'SYSTEM_USER',
        Now(),
        Now(),
        0),
       ('testcase.shr.shrf.5.6.option.2',
        'No, the system cannot provide a list of documents related to a patient.',
        'Criteria to be added',
        'testcase.option.status.active',
        2,
        false,
        'testcase.shr.shrf.5.6',
        'SYSTEM_USER',
        'SYSTEM_USER',
        Now(),
        Now(),
        0),
       ('testcase.shr.shrf.5.7.option.1',
        'Yes, the system can filter and provide specific information like a patient''s test results.',
        'Criteria to be added',
        'testcase.option.status.active',
        1,
        true,
        'testcase.shr.shrf.5.7',
        'SYSTEM_USER',
        'SYSTEM_USER',
        Now(),
        Now(),
        0),
       ('testcase.shr.shrf.5.7.option.2',
        'No, the system cannot filter and provide specific information like a patient''s test results.',
        'Criteria to be added',
        'testcase.option.status.active',
        2,
        false,
        'testcase.shr.shrf.5.7',
        'SYSTEM_USER',
        'SYSTEM_USER',
        Now(),
        Now(),
        0),
       ('testcase.shr.shrf.5.8.option.1',
        'Yes, the system can generate a summary of all information it has about a patient, including links to individual pieces of information.',
        'Criteria to be added',
        'testcase.option.status.active',
        1,
        true,
        'testcase.shr.shrf.5.8',
        'SYSTEM_USER',
        'SYSTEM_USER',
        Now(),
        Now(),
        0),
       ('testcase.shr.shrf.5.8.option.2',
        'No, the system cannot generate a summary of all information it has about a patient.',
        'Criteria to be added',
        'testcase.option.status.active',
        2,
        false,
        'testcase.shr.shrf.5.8',
        'SYSTEM_USER',
        'SYSTEM_USER',
        Now(),
        Now(),
        0),
       ('testcase.shr.shrf.6.1.option.1',
        'Yes, the system can remember and understand the context of patient information.',
        'Criteria to be added',
        'testcase.option.status.active',
        1,
        true,
        'testcase.shr.shrf.6.1',
        'SYSTEM_USER',
        'SYSTEM_USER',
        Now(),
        Now(),
        0),
       ('testcase.shr.shrf.6.1.option.2',
        'No, the system cannot remember or understand the context of patient information.',
        'Criteria to be added',
        'testcase.option.status.active',
        2,
        false,
        'testcase.shr.shrf.6.1',
        'SYSTEM_USER',
        'SYSTEM_USER',
        Now(),
        Now(),
        0),
       ('testcase.shr.shrf.7.1.option.1',
        'Yes, the system creates a detailed record of changes to patient information.',
        'Criteria to be added',
        'testcase.option.status.active',
        1,
        true,
        'testcase.shr.shrf.7.1',
        'SYSTEM_USER',
        'SYSTEM_USER',
        Now(),
        Now(),
        0),
       ('testcase.shr.shrf.7.1.option.2',
        'No, the system does not create a detailed record of changes to patient information.',
        'Criteria to be added',
        'testcase.option.status.active',
        2,
        false,
        'testcase.shr.shrf.7.1',
        'SYSTEM_USER',
        'SYSTEM_USER',
        Now(),
        Now(),
        0),
       ('testcase.shr.shrf.7.2.option.1',
        'Yes, the system retains records of all changes made to patient information over time.',
        'Criteria to be added',
        'testcase.option.status.active',
        1,
        true,
        'testcase.shr.shrf.7.2',
        'SYSTEM_USER',
        'SYSTEM_USER',
        Now(),
        Now(),
        0),
       ('testcase.shr.shrf.7.2.option.2',
        'No, the system does not retain records of all changes made to patient information over time.',
        'Criteria to be added',
        'testcase.option.status.active',
        2,
        false,
        'testcase.shr.shrf.7.2',
        'SYSTEM_USER',
        'SYSTEM_USER',
        Now(),
        Now(),
        0),
       ('testcase.shr.shrf.8.2.option.1',
        'Yes, the healthcare system (SHR) can share patient data for broader uses, like research.',
        'Criteria to be added',
        'testcase.option.status.active',
        1,
        true,
        'testcase.shr.shrf.8.2',
        'SYSTEM_USER',
        'SYSTEM_USER',
        Now(),
        Now(),
        0),
       ('testcase.shr.shrf.8.2.option.2',
        'No, the healthcare system (SHR) cannot share patient data for broader uses or create special versions for sharing.',
        'Criteria to be added',
        'testcase.option.status.active',
        2,
        false,
        'testcase.shr.shrf.8.2',
        'SYSTEM_USER',
        'SYSTEM_USER',
        Now(),
        Now(),
        0),
       ('testcase.shr.shrf.9.1.option.1',
        'Yes, it checks for sensible data during entry and processing.',
        'Criteria to be added',
        'testcase.option.status.active',
        1,
        true,
        'testcase.shr.shrf.9.1',
        'SYSTEM_USER',
        'SYSTEM_USER',
        Now(),
        Now(),
        0),
       ('testcase.shr.shrf.9.1.option.2',
        'No, it doesn''t check for sensible data during entry and processing.',
        'Criteria to be added',
        'testcase.option.status.active',
        2,
        false,
        'testcase.shr.shrf.9.1',
        'SYSTEM_USER',
        'SYSTEM_USER',
        Now(),
        Now(),
        0),
       ('testcase.shr.shrf.9.2.option.1',
        'Yes, it guides in decision making.',
        'Criteria to be added',
        'testcase.option.status.active',
        1,
        true,
        'testcase.shr.shrf.9.2',
        'SYSTEM_USER',
        'SYSTEM_USER',
        Now(),
        Now(),
        0),
       ('testcase.shr.shrf.9.2.option.2',
        'No, it doesn''t guide in decision making.',
        'Criteria to be added',
        'testcase.option.status.active',
        2,
        false,
        'testcase.shr.shrf.9.2',
        'SYSTEM_USER',
        'SYSTEM_USER',
        Now(),
        Now(),
        0),
       ('testcase.shr.shrf.10.1.option.1',
        'Yes, the system supports defining rules to restrict access, such as allowing only certain users to view specific parts of a patient''s information or restricting access to the entire patient record.',
        'Criteria to be added',
        'testcase.option.status.active',
        1,
        true,
        'testcase.shr.shrf.10.1',
        'SYSTEM_USER',
        'SYSTEM_USER',
        Now(),
        Now(),
        0),
       ('testcase.shr.shrf.10.1.option.2',
        'No, the system does not provide the capability to define and retrieve basic privacy rules, limiting control over user access to patient information.',
        'Criteria to be added',
        'testcase.option.status.active',
        2,
        false,
        'testcase.shr.shrf.10.1',
        'SYSTEM_USER',
        'SYSTEM_USER',
        Now(),
        Now(),
        0),
       ('testcase.shr.shrf.11.1.option.1',
        'Yes, it stores observational data in standardized format',
        'Criteria to be added',
        'testcase.option.status.active',
        1,
        true,
        'testcase.shr.shrf.11.1',
        'SYSTEM_USER',
        'SYSTEM_USER',
        Now(),
        Now(),
        0),
       ('testcase.shr.shrf.11.1.option.2',
        'No, it doesn''t observational store data in standardized format',
        'Criteria to be added',
        'testcase.option.status.active',
        2,
        false,
        'testcase.shr.shrf.11.1',
        'SYSTEM_USER',
        'SYSTEM_USER',
        Now(),
        Now(),
        0);